Format:,1.0,,Num Col:,36,,Alt units:,feet,,Vel units:,feet/sec,,Acc units:,G's,,Dist units:,feet,,,,,,,,,,,,,,,,,,,
Launch Date:,,"Mon Apr 20 2026",,,,,,,Device Type:,,Receiver,,,,,,,Booster Burnout:,,4.63,sec,,Apogee:,,27.2,sec,,,,,,,,,
Flyer's name:,,"",,,,,,,Serial Number:,,Mx220D0633,,,,,,,Stage-2 Ignition:,,NA,sec,,Apogee Deploy:,,27.2,sec,,,,,,,,,
Rocket name:,,"A",,,,,,,Firmware:,,7.10.0.24,,,,,,,Stage-2 Burnout:,,NA,sec,,Main Deploy:,,123.4,sec,,,,,,,,,
Motor:,,"",,,,,,,Gyro Data Available:,,No,,,,,,,Stage-3 Ignition:,,NA,sec,,Touch Down:,,200.0,sec,,,,,,,,,
Launch site:,,"",,,,,,,,,,,,,,,,Stage-3 Burnout:,,NA,sec,,User Defined:,,NA,sec,,,,,,,,,
Comment:,,"",,,,,,,,,,,,,,,,,,,,,,,,,,,,,,,,,
,,,,,,,,,,,,,,,,,,,,,,,,,,,,,,,,,,,
Flight,Acc,Acc,Acc,Baro,GPS,GPS,GPS,GPS,GPS,GPS,GPS,GPS,GPS,GPS,GPS,GPS,,,,TelemPro,Pyro,Pyro,Pyro,Gyro,Roll,Pitch,Yaw,Roll,Roll,Quat,Quat,Quat,Quat,LineOfSight,DownLink
time,acceleration,velocity,altitude,altitude,altitude,altitude,3D velocity,3D velocity,vertical vel,ground speed,heading,tilt,latitude,longitude,number,fix,UTC,UTC,UTC,time,External,External,Real Time,tilt,rate,rate,rate,angle,angle_UW,W,X,Y,Z,Distance,SignalStrength
sec,G's,feet/sec,feet AGL,feet AGL,feet AGL,feet MSL,feet/sec,Mach,feet/sec,feet/sec,degrees,degrees,degrees,degrees,of sat's,status,hours,minutes,seconds,stamp,Input-1,Input-2,Status Bits,degress,deg/sec,deg/sec,deg/sec,degrees,degress,unitless,unitless,unitless,unitless,feet,dBm
-11.80,-0.007812,0.00,0.00,NA,-5.00,441.00,0.00,0.000,0.00,0.00,104,0.00,40.80926500,-73.96220833,15,6,23,28,31.80,49965,NA,NA,NA,NA,NA,NA,NA,NA,NA,NA,NA,NA,NA,141,-41
-11.60,-0.007812,0.00,0.00,NA,-5.00,441.00,0.00,0.000,0.00,0.00,104,0.00,40.80926667,-73.96220833,15,6,23,28,32.00,49985,NA,NA,NA,NA,NA,NA,NA,NA,NA,NA,NA,NA,NA,142,-41
-11.40,0.007812,0.00,0.00,NA,-5.00,441.00,0.00,0.000,0.00,0.00,104,0.00,40.80926667,-73.96220833,15,6,23,28,32.20,50005,NA,NA,NA,NA,NA,NA,NA,NA,NA,NA,NA,NA,NA,142,-41
-11.00,0.023438,0.00,1.00,NA,-5.00,441.00,0.00,0.000,0.00,0.00,104,0.00,40.80926667,-73.96220833,14,6,23,28,32.60,50045,NA,NA,NA,NA,NA,NA,NA,NA,NA,NA,NA,NA,NA,142,-41
-10.80,-0.007812,0.00,1.00,NA,-5.00,441.00,0.00,0.000,0.00,0.00,104,0.00,40.80926667,-73.96221000,14,6,23,28,32.80,50065,NA,NA,NA,NA,NA,NA,NA,NA,NA,NA,NA,NA,NA,142,-41
-10.60,0.007812,0.00,1.00,NA,-5.00,441.00,0.00,0.000,0.00,0.00,104,0.00,40.80926667,-73.96221000,14,6,23,28,33.00,50085,NA,NA,NA,NA,NA,NA,NA,NA,NA,NA,NA,NA,NA,143,-41
-10.40,0.023438,0.00,1.00,NA,-5.00,441.00,0.00,0.000,0.00,0.00,104,0.00,40.80926667,-73.96221000,14,6,23,28,33.20,50105,NA,NA,NA,NA,NA,NA,NA,NA,NA,NA,NA,NA,NA,143,-41
-10.00,0.007812,0.00,1.00,NA,-5.00,441.00,0.00,0.000,0.00,0.00,104,0.00,40.80926667,-73.96221000,14,6,23,28,33.60,50145,NA,NA,NA,NA,NA,NA,NA,NA,NA,NA,NA,NA,NA,143,-41
-9.80,-0.007812,0.00,1.00,NA,-5.00,441.00,1.00,0.001,-1.00,0.00,104,0.00,40.80926667,-73.96221000,14,6,23,28,33.80,50165,NA,NA,NA,NA,NA,NA,NA,NA,NA,NA,NA,NA,NA,143,-41
-9.60,-0.007812,0.00,0.00,NA,-5.00,441.00,1.00,0.001,-1.00,0.00,104,0.00,40.80926833,-73.96221167,14,6,23,28,34.00,50185,NA,NA,NA,NA,NA,NA,NA,NA,NA,NA,NA,NA,NA,145,-41
-9.40,-0.023438,0.00,0.00,NA,-5.00,441.00,0.00,0.000,0.00,0.00,104,0.00,40.80926833,-73.96221167,14,6,23,28,34.20,50205,NA,NA,NA,NA,NA,NA,NA,NA,NA,NA,NA,NA,NA,145,-41
-9.00,-0.007812,0.00,0.00,NA,-4.00,442.00,0.00,0.000,0.00,0.00,104,0.00,40.80926833,-73.96221167,14,6,23,28,34.60,50245,NA,NA,NA,NA,NA,NA,NA,NA,NA,NA,NA,NA,NA,146,-41
-8.80,-0.007812,0.00,0.00,NA,-4.00,442.00,0.00,0.000,0.00,0.00,104,0.00,40.80926833,-73.96221333,14,6,23,28,34.80,50265,NA,NA,NA,NA,NA,NA,NA,NA,NA,NA,NA,NA,NA,146,-41
-8.60,0.007812,0.00,0.00,NA,-4.00,442.00,1.00,0.001,-1.00,0.00,104,0.00,40.80926833,-73.96221333,14,6,23,28,35.00,50285,NA,NA,NA,NA,NA,NA,NA,NA,NA,NA,NA,NA,NA,149,-41
-8.40,-0.007812,0.00,0.00,NA,-4.00,442.00,0.00,0.000,0.00,0.00,104,0.00,40.80926833,-73.96221333,14,6,23,28,35.20,50305,NA,NA,NA,NA,NA,NA,NA,NA,NA,NA,NA,NA,NA,149,-41
-8.00,0.007812,0.00,0.00,NA,-4.00,442.00,1.00,0.001,-1.00,0.00,104,0.00,40.80926833,-73.96221500,14,6,23,28,35.60,50345,NA,NA,NA,NA,NA,NA,NA,NA,NA,NA,NA,NA,NA,149,-41
-7.80,0.023438,0.00,0.00,NA,-3.00,443.00,0.00,0.000,0.00,0.00,104,0.00,40.80926833,-73.96221667,14,6,23,28,35.80,50365,NA,NA,NA,NA,NA,NA,NA,NA,NA,NA,NA,NA,NA,150,-41
-7.60,0.007812,0.00,0.00,NA,-3.00,443.00,0.00,0.000,0.00,0.00,104,0.00,40.80927000,-73.96221833,14,6,23,28,36.00,50385,NA,NA,NA,NA,NA,NA,NA,NA,NA,NA,NA,NA,NA,151,-41
-7.40,0.007812,0.00,0.00,NA,-2.00,444.00,0.00,0.000,0.00,0.00,104,0.00,40.80927000,-73.96222000,14,6,23,28,36.20,50405,NA,NA,NA,NA,NA,NA,NA,NA,NA,NA,NA,NA,NA,152,-41
-7.00,0.023438,0.00,0.00,NA,-2.00,444.00,1.00,0.001,-1.00,0.00,104,0.00,40.80927000,-73.96222167,15,6,23,28,36.60,50445,NA,NA,NA,NA,NA,NA,NA,NA,NA,NA,NA,NA,NA,152,-41
-6.80,0.007812,0.00,0.00,NA,-1.00,445.00,0.00,0.000,0.00,0.00,104,0.00,40.80927000,-73.96222333,15,6,23,28,36.80,50465,NA,NA,NA,NA,NA,NA,NA,NA,NA,NA,NA,NA,NA,153,-41
-6.60,-0.007812,0.00,0.00,NA,-1.00,445.00,0.00,0.000,0.00,0.00,104,0.00,40.80927000,-73.96222500,16,6,23,28,37.00,50485,NA,NA,NA,NA,NA,NA,NA,NA,NA,NA,NA,NA,NA,151,-41
-6.40,0.007812,0.00,0.00,NA,0.00,446.00,0.00,0.000,0.00,0.00,104,0.00,40.80927000,-73.96222667,16,6,23,28,37.20,50505,NA,NA,NA,NA,NA,NA,NA,NA,NA,NA,NA,NA,NA,152,-41
-6.00,-0.007812,0.00,0.00,NA,0.00,446.00,0.00,0.000,0.00,0.00,104,0.00,40.80927000,-73.96223000,16,6,23,28,37.60,50545,NA,NA,NA,NA,NA,NA,NA,NA,NA,NA,NA,NA,NA,152,-41
-5.80,-0.007812,0.00,0.00,NA,1.00,447.00,0.00,0.000,0.00,0.00,104,0.00,40.80927000,-73.96223000,15,6,23,28,37.80,50565,NA,NA,NA,NA,NA,NA,NA,NA,NA,NA,NA,NA,NA,153,-41
-5.60,-0.023438,-1.00,0.00,NA,1.00,447.00,1.00,0.001,-1.00,0.00,104,0.00,40.80927000,-73.96223167,15,6,23,28,38.00,50585,NA,NA,NA,NA,NA,NA,NA,NA,NA,NA,NA,NA,NA,154,-40
-5.40,0.007812,-1.00,0.00,NA,1.00,447.00,0.00,0.000,0.00,0.00,104,0.00,40.80927000,-73.96223167,15,6,23,28,38.20,50605,NA,NA,NA,NA,NA,NA,NA,NA,NA,NA,NA,NA,NA,154,-41
-5.00,0.007812,0.00,0.00,NA,1.00,447.00,1.00,0.001,-1.00,0.00,104,0.00,40.80926833,-73.96223333,14,6,23,28,38.60,50645,NA,NA,NA,NA,NA,NA,NA,NA,NA,NA,NA,NA,NA,154,-40
-4.80,0.007812,-1.00,0.00,NA,1.00,447.00,0.00,0.000,0.00,0.00,104,0.00,40.80926833,-73.96223500,14,6,23,28,38.80,50665,NA,NA,NA,NA,NA,NA,NA,NA,NA,NA,NA,NA,NA,154,-41
-4.60,0.007812,0.00,0.00,NA,1.00,447.00,1.00,0.001,-1.00,0.00,104,0.00,40.80926667,-73.96223500,14,6,23,28,39.00,50685,NA,NA,NA,NA,NA,NA,NA,NA,NA,NA,NA,NA,NA,158,-41
-4.40,-0.007812,0.00,0.00,NA,1.00,447.00,1.00,0.001,-1.00,0.00,104,0.00,40.80926667,-73.96223500,14,6,23,28,39.20,50705,NA,NA,NA,NA,NA,NA,NA,NA,NA,NA,NA,NA,NA,158,-41
-4.00,-0.007812,0.00,-1.00,NA,0.00,446.00,1.00,0.001,-1.00,0.00,104,0.00,40.80926500,-73.96223667,14,6,23,28,39.60,50745,NA,NA,NA,NA,NA,NA,NA,NA,NA,NA,NA,NA,NA,156,-41
-3.80,0.007812,0.00,-1.00,NA,0.00,446.00,1.00,0.001,-1.00,0.00,104,0.00,40.80926500,-73.96223667,14,6,23,28,39.80,50765,NA,NA,NA,NA,NA,NA,NA,NA,NA,NA,NA,NA,NA,156,-41
-3.60,-0.007812,0.00,-1.00,NA,0.00,446.00,1.00,0.001,-1.00,0.00,104,0.00,40.80926500,-73.96223667,14,6,23,28,40.00,50785,NA,NA,NA,NA,NA,NA,NA,NA,NA,NA,NA,NA,NA,156,-41
-3.40,-0.007812,0.00,0.00,NA,0.00,446.00,1.00,0.001,-1.00,0.00,104,0.00,40.80926333,-73.96223667,14,6,23,28,40.20,50805,NA,NA,NA,NA,NA,NA,NA,NA,NA,NA,NA,NA,NA,156,-41
-3.00,-0.007812,-1.00,-1.00,NA,-1.00,445.00,0.00,0.000,0.00,0.00,104,0.00,40.80926333,-73.96223667,14,6,23,28,40.60,50845,NA,NA,NA,NA,NA,NA,NA,NA,NA,NA,NA,NA,NA,155,-41
-2.80,-0.007812,-1.00,-1.00,NA,-1.00,445.00,0.00,0.000,0.00,0.00,104,0.00,40.80926167,-73.96223833,14,6,23,28,40.80,50865,NA,NA,NA,NA,NA,NA,NA,NA,NA,NA,NA,NA,NA,155,-41
-2.60,0.007812,-1.00,-1.00,NA,-1.00,445.00,0.00,0.000,0.00,0.00,104,0.00,40.80926167,-73.96223833,14,6,23,28,41.00,50885,NA,NA,NA,NA,NA,NA,NA,NA,NA,NA,NA,NA,NA,155,-41
-2.40,-0.007812,-1.00,-1.00,NA,-1.00,445.00,1.00,0.001,-1.00,0.00,104,0.00,40.80926167,-73.96223833,13,6,23,28,41.20,50905,NA,NA,NA,NA,NA,NA,NA,NA,NA,NA,NA,NA,NA,155,-41
-2.00,-0.007812,-1.00,-1.00,NA,-2.00,444.00,1.00,0.001,-1.00,0.00,104,0.00,40.80926000,-73.96223833,13,6,23,28,41.60,50945,NA,NA,NA,NA,NA,NA,NA,NA,NA,NA,NA,NA,NA,154,-41
-1.80,-0.007812,-1.00,-1.00,NA,-2.00,444.00,0.00,0.000,0.00,0.00,104,0.00,40.80926000,-73.96223833,13,6,23,28,41.80,50965,NA,NA,NA,NA,NA,NA,NA,NA,NA,NA,NA,NA,NA,154,-41
-1.60,0.007812,-1.00,-1.00,NA,-2.00,444.00,0.00,0.000,0.00,0.00,104,0.00,40.80925833,-73.96223833,13,6,23,28,42.00,50985,NA,NA,NA,NA,NA,NA,NA,NA,NA,NA,NA,NA,NA,154,-41
-1.40,0.023438,-1.00,-1.00,NA,-2.00,444.00,0.00,0.000,0.00,0.00,104,0.00,40.80925833,-73.96223833,13,6,23,28,42.20,51005,NA,NA,NA,NA,NA,NA,NA,NA,NA,NA,NA,NA,NA,154,-41
-1.00,-0.007812,-1.00,-1.00,NA,-3.00,443.00,1.00,0.001,0.00,1.00,104,0.00,40.80925833,-73.96223833,14,6,23,28,42.60,51045,NA,NA,NA,NA,NA,NA,NA,NA,NA,NA,NA,NA,NA,153,-41
-0.80,-0.027344,-1.00,-1.00,NA,-3.00,443.00,1.00,0.001,0.00,1.00,104,0.00,40.80925667,-73.96223833,13,6,23,28,42.80,51065,NA,NA,NA,NA,NA,NA,NA,NA,NA,NA,NA,NA,NA,152,-41
-0.60,-0.007812,-1.00,-1.00,NA,-3.00,443.00,0.00,0.000,0.00,0.00,104,0.00,40.80925667,-73.96223833,14,6,23,28,43.00,51085,NA,NA,NA,NA,NA,NA,NA,NA,NA,NA,NA,NA,NA,152,-41
-0.40,0.023438,-1.00,-1.00,NA,-4.00,442.00,0.00,0.000,0.00,0.00,104,0.00,40.80925500,-73.96223833,14,6,23,28,43.20,51105,NA,NA,NA,NA,NA,NA,NA,NA,NA,NA,NA,NA,NA,151,-41
0.00,-0.007812,-1.00,-1.00,NA,-5.00,441.00,1.00,0.001,-1.00,0.00,104,180.00,40.80925500,-73.96223833,14,6,23,28,43.60,51145,NA,NA,NA,NA,NA,NA,NA,NA,NA,NA,NA,NA,NA,150,-41
0.20,8.000000,47.00,3.00,NA,1.00,447.00,51.79,0.046,51.00,9.00,15,10.01,40.80925667,-73.96223667,14,6,23,28,43.80,51165,NA,NA,NA,NA,NA,NA,NA,NA,NA,NA,NA,NA,NA,157,-41
0.40,8.000000,98.00,18.00,NA,16.00,462.00,102.59,0.092,101.00,18.00,15,10.11,40.80926500,-73.96223500,15,6,23,28,44.00,51185,NA,NA,NA,NA,NA,NA,NA,NA,NA,NA,NA,NA,NA,184,-41
0.60,7.984375,150.00,43.00,NA,42.00,488.00,154.38,0.139,152.00,27.00,15,10.07,40.80927667,-73.96223000,14,6,23,28,44.20,51205,NA,NA,NA,NA,NA,NA,NA,NA,NA,NA,NA,NA,NA,210,-41
1.00,7.917969,252.00,123.00,NA,123.00,569.00,256.97,0.231,253.00,45.00,15,10.09,40.80931500,-73.96221667,15,6,23,28,44.60,51245,NA,NA,NA,NA,NA,NA,NA,NA,NA,NA,NA,NA,NA,292,-41
1.20,7.855469,303.00,179.00,NA,179.00,625.00,307.77,0.276,303.00,54.00,15,10.11,40.80934167,-73.96220833,15,6,23,28,44.80,51265,NA,NA,NA,NA,NA,NA,NA,NA,NA,NA,NA,NA,NA,348,-41
1.40,7.789062,353.00,245.00,NA,245.00,691.00,358.58,0.322,353.00,63.00,15,10.12,40.80937167,-73.96219667,15,6,23,28,45.00,51285,NA,NA,NA,NA,NA,NA,NA,NA,NA,NA,NA,NA,NA,415,-41
1.60,7.722656,403.00,320.00,NA,320.00,766.00,408.40,0.367,402.00,72.00,15,10.15,40.80940833,-73.96218333,15,6,23,28,45.20,51305,NA,NA,NA,NA,NA,NA,NA,NA,NA,NA,NA,NA,NA,491,-41
2.00,7.578125,502.00,502.00,NA,501.00,947.00,507.86,0.456,500.00,89.00,15,10.09,40.80949333,-73.96215333,15,6,23,28,45.60,51345,NA,NA,NA,NA,NA,NA,NA,NA,NA,NA,NA,NA,NA,675,-41
2.20,7.496094,550.00,607.00,NA,606.00,1052.00,555.71,0.500,547.00,98.00,15,10.16,40.80954333,-73.96213667,14,6,23,28,45.80,51365,NA,NA,NA,NA,NA,NA,NA,NA,NA,NA,NA,NA,NA,781,-41
2.40,7.398438,598.00,722.00,NA,720.00,1166.00,604.37,0.544,595.00,106.00,15,10.10,40.80959667,-73.96211667,14,6,23,28,46.00,51385,NA,NA,NA,NA,NA,NA,NA,NA,NA,NA,NA,NA,NA,897,-41
2.60,7.300781,646.00,847.00,NA,844.00,1290.00,651.23,0.586,641.00,115.00,15,10.17,40.80965500,-73.96209667,14,6,23,28,46.20,51405,NA,NA,NA,NA,NA,NA,NA,NA,NA,NA,NA,NA,NA,869,-41
3.00,7.085938,738.00,1124.00,NA,1119.00,1565.00,744.61,0.671,733.00,131.00,15,10.13,40.80978667,-73.96205000,14,6,23,28,46.60,51445,NA,NA,NA,NA,NA,NA,NA,NA,NA,NA,NA,NA,NA,1148,-41
3.20,6.941406,783.00,1276.00,NA,1270.00,1716.00,789.34,0.711,777.00,139.00,15,10.14,40.80985833,-73.96202500,14,6,23,28,46.80,51465,NA,NA,NA,NA,NA,NA,NA,NA,NA,NA,NA,NA,NA,1301,-41
3.40,6.843750,828.00,1437.00,NA,1430.00,1876.00,834.06,0.752,821.00,147.00,15,10.15,40.80993333,-73.96199833,14,6,23,28,47.00,51485,NA,NA,NA,NA,NA,NA,NA,NA,NA,NA,NA,NA,NA,1464,-41
3.60,6.726562,872.00,1607.00,NA,1598.00,2044.00,877.79,0.792,864.00,155.00,15,10.17,40.81001333,-73.96197000,14,6,23,28,47.20,51505,NA,NA,NA,NA,NA,NA,NA,NA,NA,NA,NA,NA,NA,1634,-41
4.00,6.027344,954.00,1973.00,NA,1961.00,2407.00,960.17,0.867,945.00,170.00,15,10.20,40.81018500,-73.96190833,14,6,23,28,47.60,51545,NA,NA,NA,NA,NA,NA,NA,NA,NA,NA,NA,NA,NA,2003,-41
4.20,5.554688,991.00,2168.00,NA,2153.00,2599.00,997.82,0.902,982.00,177.00,15,10.22,40.81027833,-73.96187500,14,6,23,28,47.80,51565,NA,NA,NA,NA,NA,NA,NA,NA,NA,NA,NA,NA,NA,2198,-41
4.40,5.113281,1026.00,2369.00,NA,2353.00,2799.00,1032.35,0.934,1016.00,183.00,15,10.21,40.81037333,-73.96184167,14,6,23,28,48.00,51585,NA,NA,NA,NA,NA,NA,NA,NA,NA,NA,NA,NA,NA,2401,-41
4.60,4.707031,1057.00,2578.00,NA,2560.00,3006.00,1063.92,0.963,1047.00,189.00,15,10.23,40.81047167,-73.96180667,14,6,23,28,48.20,51605,NA,NA,NA,NA,NA,NA,NA,NA,NA,NA,NA,NA,NA,2612,-41
5.00,-3.746094,1015.00,2994.00,NA,2970.00,3416.00,1017.59,0.922,1001.00,183.00,15,10.36,40.81066833,-73.96173667,14,6,23,28,48.60,51645,NA,NA,NA,NA,NA,NA,NA,NA,NA,NA,NA,NA,NA,3028,-41
5.20,-3.433594,992.00,3195.00,NA,3168.00,3614.00,994.43,0.902,978.00,180.00,15,10.43,40.81076500,-73.96170333,14,6,23,28,48.80,51665,NA,NA,NA,NA,NA,NA,NA,NA,NA,NA,NA,NA,NA,3230,-41
5.40,-3.175781,971.00,3391.00,NA,3361.00,3807.00,973.41,0.884,957.00,178.00,15,10.54,40.81086000,-73.96167000,14,6,23,28,49.00,51685,NA,NA,NA,NA,NA,NA,NA,NA,NA,NA,NA,NA,NA,3426,-41
5.60,-2.976562,951.00,3583.00,NA,3551.00,3997.00,954.18,0.867,938.00,175.00,15,10.57,40.81095333,-73.96163667,14,6,23,28,49.20,51705,NA,NA,NA,NA,NA,NA,NA,NA,NA,NA,NA,NA,NA,3620,-41
6.00,-2.554688,915.00,3957.00,NA,3919.00,4365.00,919.05,0.836,903.00,171.00,15,10.72,40.81113500,-73.96157167,15,6,23,28,49.60,51745,NA,NA,NA,NA,NA,NA,NA,NA,NA,NA,NA,NA,NA,3994,-41
6.20,-2.421875,899.00,4138.00,NA,4098.00,4544.00,902.96,0.822,887.00,169.00,15,10.79,40.81122500,-73.96154000,15,6,23,28,49.80,51765,NA,NA,NA,NA,NA,NA,NA,NA,NA,NA,NA,NA,NA,4176,-41
6.40,-2.308594,884.00,4317.00,NA,4274.00,4720.00,888.04,0.809,872.00,168.00,15,10.91,40.81131500,-73.96150833,15,6,23,28,50.00,51785,NA,NA,NA,NA,NA,NA,NA,NA,NA,NA,NA,NA,NA,4355,-41
6.60,-2.195312,870.00,4492.00,NA,4447.00,4893.00,872.93,0.795,857.00,166.00,15,10.96,40.81140333,-73.96147667,15,6,23,28,50.20,51805,NA,NA,NA,NA,NA,NA,NA,NA,NA,NA,NA,NA,NA,4531,-41
7.00,-2.097656,842.00,4835.00,NA,4785.00,5231.00,845.85,0.772,830.00,163.00,15,11.11,40.81157667,-73.96141500,15,6,23,28,50.60,51845,NA,NA,NA,NA,NA,NA,NA,NA,NA,NA,NA,NA,NA,4876,-41
7.20,-2.066406,829.00,5002.00,NA,4949.00,5395.00,832.91,0.760,817.00,162.00,15,11.22,40.81166333,-73.96138500,15,6,23,28,50.80,51865,NA,NA,NA,NA,NA,NA,NA,NA,NA,NA,NA,NA,NA,5043,-41
7.40,-2.031250,816.00,5167.00,NA,5111.00,5557.00,819.96,0.749,804.00,161.00,15,11.32,40.81174833,-73.96135500,15,6,23,28,51.00,51885,NA,NA,NA,NA,NA,NA,NA,NA,NA,NA,NA,NA,NA,5208,-41
7.60,-2.000000,803.00,5328.00,NA,5271.00,5717.00,806.82,0.737,791.00,159.00,15,11.37,40.81183333,-73.96132500,15,6,23,28,51.20,51905,NA,NA,NA,NA,NA,NA,NA,NA,NA,NA,NA,NA,NA,5371,-41
8.00,-1.933594,778.00,5645.00,NA,5582.00,6028.00,781.92,0.715,766.00,157.00,15,11.58,40.81200000,-73.96126500,15,6,23,28,51.60,51945,NA,NA,NA,NA,NA,NA,NA,NA,NA,NA,NA,NA,NA,5688,-41
8.20,-1.886719,765.00,5799.00,NA,5734.00,6180.00,769.97,0.705,754.00,156.00,15,11.69,40.81208167,-73.96123500,15,6,23,28,51.80,51965,NA,NA,NA,NA,NA,NA,NA,NA,NA,NA,NA,NA,NA,5844,-41
8.40,-1.867188,753.00,5951.00,NA,5884.00,6330.00,757.81,0.694,742.00,154.00,15,11.73,40.81216500,-73.96120667,15,6,23,28,52.00,51985,NA,NA,NA,NA,NA,NA,NA,NA,NA,NA,NA,NA,NA,5997,-41
8.60,-1.835938,741.00,6101.00,NA,6031.00,6477.00,745.86,0.683,730.00,153.00,15,11.84,40.81224667,-73.96117833,15,6,23,28,52.20,52005,NA,NA,NA,NA,NA,NA,NA,NA,NA,NA,NA,NA,NA,6147,-41
9.00,-1.769531,718.00,6393.00,NA,6319.00,6765.00,722.95,0.663,707.00,151.00,15,12.06,40.81240667,-73.96112000,15,6,23,28,52.60,52045,NA,NA,NA,NA,NA,NA,NA,NA,NA,NA,NA,NA,NA,6441,-41
9.20,-1.753906,707.00,6535.00,NA,6459.00,6905.00,711.98,0.653,696.00,150.00,15,12.16,40.81248667,-73.96109167,15,6,23,28,52.80,52065,NA,NA,NA,NA,NA,NA,NA,NA,NA,NA,NA,NA,NA,6585,-41
9.40,-1.722656,696.00,6676.00,NA,6597.00,7043.00,701.02,0.644,685.00,149.00,15,12.27,40.81256500,-73.96106500,15,6,23,28,53.00,52085,NA,NA,NA,NA,NA,NA,NA,NA,NA,NA,NA,NA,NA,6726,-41
9.60,-1.687500,685.00,6814.00,NA,6733.00,7179.00,690.06,0.634,674.00,148.00,15,12.38,40.81264500,-73.96103667,15,6,23,28,53.20,52105,NA,NA,NA,NA,NA,NA,NA,NA,NA,NA,NA,NA,NA,6865,-41
10.00,-1.656250,663.00,7084.00,NA,6999.00,7445.00,668.15,0.614,652.00,146.00,15,12.62,40.81280000,-73.96098167,14,6,23,28,53.60,52145,NA,NA,NA,NA,NA,NA,NA,NA,NA,NA,NA,NA,NA,7137,-41
10.20,-1.625000,653.00,7216.00,NA,7128.00,7574.00,658.17,0.605,642.00,145.00,15,12.73,40.81287667,-73.96095333,14,6,23,28,53.80,52165,NA,NA,NA,NA,NA,NA,NA,NA,NA,NA,NA,NA,NA,7269,-41
10.40,-1.609375,643.00,7345.00,NA,7256.00,7702.00,648.42,0.597,632.00,145.00,15,12.92,40.81295333,-73.96092667,14,6,23,28,54.00,52185,NA,NA,NA,NA,NA,NA,NA,NA,NA,NA,NA,NA,NA,7401,-41
10.60,-1.589844,632.00,7473.00,NA,7381.00,7827.00,638.45,0.588,622.00,144.00,15,13.03,40.81303000,-73.96090000,14,6,23,28,54.20,52205,NA,NA,NA,NA,NA,NA,NA,NA,NA,NA,NA,NA,NA,7529,-41
11.00,-1.542969,612.00,7722.00,NA,7626.00,8072.00,618.52,0.570,602.00,142.00,15,13.27,40.81318167,-73.96084667,14,6,23,28,54.60,52245,NA,NA,NA,NA,NA,NA,NA,NA,NA,NA,NA,NA,NA,7780,-41
11.20,-1.511719,602.00,7843.00,NA,7745.00,8191.00,608.56,0.561,592.00,141.00,15,13.40,40.81325667,-73.96082000,14,6,23,28,54.80,52265,NA,NA,NA,NA,NA,NA,NA,NA,NA,NA,NA,NA,NA,7903,-41
11.40,-1.492188,593.00,7963.00,NA,7863.00,8309.00,598.60,0.552,582.00,140.00,15,13.53,40.81333000,-73.96079333,14,6,23,28,55.00,52285,NA,NA,NA,NA,NA,NA,NA,NA,NA,NA,NA,NA,NA,8024,-41
11.60,-1.492188,583.00,8081.00,NA,7978.00,8424.00,589.86,0.544,573.00,140.00,15,13.73,40.81340500,-73.96076667,14,6,23,28,55.20,52305,NA,NA,NA,NA,NA,NA,NA,NA,NA,NA,NA,NA,NA,8142,-41
12.00,-1.460938,564.00,8310.00,NA,8204.00,8650.00,570.93,0.527,554.00,138.00,15,13.99,40.81355167,-73.96071500,14,6,23,28,55.60,52345,NA,NA,NA,NA,NA,NA,NA,NA,NA,NA,NA,NA,NA,8375,-41
12.20,-1.445312,555.00,8422.00,NA,8314.00,8760.00,562.20,0.519,545.00,138.00,15,14.21,40.81362500,-73.96068833,14,6,23,28,55.80,52365,NA,NA,NA,NA,NA,NA,NA,NA,NA,NA,NA,NA,NA,8488,-41
12.40,-1.410156,546.00,8533.00,NA,8422.00,8868.00,552.26,0.510,535.00,137.00,15,14.36,40.81369667,-73.96066333,14,6,23,28,56.00,52385,NA,NA,NA,NA,NA,NA,NA,NA,NA,NA,NA,NA,NA,8599,-40
12.60,-1.410156,537.00,8641.00,NA,8528.00,8974.00,543.30,0.502,526.00,136.00,15,14.50,40.81377000,-73.96063667,14,6,23,28,56.20,52405,NA,NA,NA,NA,NA,NA,NA,NA,NA,NA,NA,NA,NA,8709,-41
13.00,-1.363281,519.00,8852.00,NA,8735.00,9181.00,526.60,0.487,509.00,135.00,15,14.85,40.81391333,-73.96058667,14,6,23,28,56.60,52445,NA,NA,NA,NA,NA,NA,NA,NA,NA,NA,NA,NA,NA,8922,-41
13.20,-1.363281,510.00,8955.00,NA,8836.00,9282.00,517.64,0.479,500.00,134.00,15,15.00,40.81398333,-73.96056167,14,6,23,28,56.80,52465,NA,NA,NA,NA,NA,NA,NA,NA,NA,NA,NA,NA,NA,9027,-41
13.40,-1.378906,501.00,9057.00,NA,8935.00,9381.00,508.96,0.471,491.00,134.00,15,15.26,40.81405500,-73.96053667,14,6,23,28,57.00,52485,NA,NA,NA,NA,NA,NA,NA,NA,NA,NA,NA,NA,NA,9129,-41
13.60,-1.347656,493.00,9156.00,NA,9033.00,9479.00,500.98,0.464,483.00,133.00,15,15.40,40.81412500,-73.96051167,14,6,23,28,57.20,52505,NA,NA,NA,NA,NA,NA,NA,NA,NA,NA,NA,NA,NA,9230,-41
14.00,-1.312500,476.00,9350.00,NA,9223.00,9669.00,484.33,0.449,466.00,132.00,15,15.82,40.81426500,-73.96046167,14,6,23,28,57.60,52545,NA,NA,NA,NA,NA,NA,NA,NA,NA,NA,NA,NA,NA,9427,-41
14.20,-1.312500,467.00,9444.00,NA,9315.00,9761.00,475.41,0.441,457.00,131.00,15,16.00,40.81433500,-73.96043667,14,6,23,28,57.80,52565,NA,NA,NA,NA,NA,NA,NA,NA,NA,NA,NA,NA,NA,9523,-45
14.40,-1.281250,459.00,9537.00,NA,9406.00,9852.00,467.72,0.434,449.00,131.00,15,16.27,40.81440500,-73.96041167,14,6,23,28,58.00,52585,NA,NA,NA,NA,NA,NA,NA,NA,NA,NA,NA,NA,NA,9617,-41
14.60,-1.281250,451.00,9628.00,NA,9495.00,9941.00,459.76,0.427,441.00,130.00,15,16.42,40.81447333,-73.96038833,14,6,23,28,58.20,52605,NA,NA,NA,NA,NA,NA,NA,NA,NA,NA,NA,NA,NA,9710,-41
15.00,-1.281250,434.00,9805.00,NA,9668.00,10114.00,444.15,0.412,425.00,129.00,15,16.88,40.81461167,-73.96033833,14,6,23,28,58.60,52645,NA,NA,NA,NA,NA,NA,NA,NA,NA,NA,NA,NA,NA,9890,-41
15.20,-1.234375,426.00,9891.00,NA,9752.00,10198.00,436.50,0.405,417.00,129.00,15,17.19,40.81468000,-73.96031500,14,6,23,28,58.80,52665,NA,NA,NA,NA,NA,NA,NA,NA,NA,NA,NA,NA,NA,9978,-41
15.40,-1.250000,418.00,9976.00,NA,9835.00,10281.00,428.56,0.398,409.00,128.00,15,17.38,40.81474667,-73.96029000,14,6,23,28,59.00,52685,NA,NA,NA,NA,NA,NA,NA,NA,NA,NA,NA,NA,NA,10064,-41
15.60,-1.234375,410.00,10059.00,NA,9916.00,10362.00,420.93,0.391,401.00,128.00,15,17.70,40.81481500,-73.96026667,14,6,23,28,59.20,52705,NA,NA,NA,NA,NA,NA,NA,NA,NA,NA,NA,NA,NA,10149,-41
16.00,-1.214844,395.00,10220.00,NA,10073.00,10519.00,405.41,0.377,385.00,127.00,15,18.26,40.81495000,-73.96021833,14,6,23,28,59.60,52745,NA,NA,NA,NA,NA,NA,NA,NA,NA,NA,NA,NA,NA,10313,-41
16.20,-1.214844,387.00,10298.00,NA,10149.00,10595.00,397.82,0.370,377.00,127.00,15,18.62,40.81501667,-73.96019500,14,6,23,28,59.80,52765,NA,NA,NA,NA,NA,NA,NA,NA,NA,NA,NA,NA,NA,10393,-41
16.40,-1.199219,379.00,10375.00,NA,10224.00,10670.00,390.87,0.364,370.00,126.00,15,18.81,40.81508333,-73.96017167,14,6,23,29,0.00,52785,NA,NA,NA,NA,NA,NA,NA,NA,NA,NA,NA,NA,NA,10472,-41
16.60,-1.214844,371.00,10450.00,NA,10297.00,10743.00,383.30,0.357,362.00,126.00,15,19.19,40.81515000,-73.96014833,14,6,23,29,0.20,52805,NA,NA,NA,NA,NA,NA,NA,NA,NA,NA,NA,NA,NA,10548,-41
17.00,-1.183594,356.00,10596.00,NA,10439.00,10885.00,368.83,0.343,347.00,125.00,15,19.81,40.81528333,-73.96010000,14,6,23,29,0.60,52845,NA,NA,NA,NA,NA,NA,NA,NA,NA,NA,NA,NA,NA,10698,-41
17.20,-1.167969,349.00,10667.00,NA,10508.00,10954.00,361.31,0.337,339.00,125.00,15,20.24,40.81535000,-73.96007667,14,6,23,29,0.80,52865,NA,NA,NA,NA,NA,NA,NA,NA,NA,NA,NA,NA,NA,10771,-41
17.40,-1.152344,341.00,10736.00,NA,10575.00,11021.00,354.40,0.330,332.00,124.00,15,20.48,40.81541500,-73.96005333,14,6,23,29,1.00,52885,NA,NA,NA,NA,NA,NA,NA,NA,NA,NA,NA,NA,NA,10842,-41
17.60,-1.167969,334.00,10803.00,NA,10641.00,11087.00,347.85,0.324,325.00,124.00,15,20.88,40.81548000,-73.96003000,14,6,23,29,1.20,52905,NA,NA,NA,NA,NA,NA,NA,NA,NA,NA,NA,NA,NA,10911,-41
18.00,-1.152344,319.00,10934.00,NA,10768.00,11214.00,333.51,0.311,310.00,123.00,15,21.64,40.81561167,-73.95998500,14,6,23,29,1.60,52945,NA,NA,NA,NA,NA,NA,NA,NA,NA,NA,NA,NA,NA,11046,-41
18.20,-1.152344,312.00,10997.00,NA,10830.00,11276.00,327.01,0.305,303.00,123.00,15,22.09,40.81567667,-73.95996167,15,6,23,29,1.80,52965,NA,NA,NA,NA,NA,NA,NA,NA,NA,NA,NA,NA,NA,11112,-41
18.40,-1.132812,305.00,11059.00,NA,10889.00,11335.00,319.23,0.298,295.00,122.00,15,22.47,40.81574167,-73.95993833,15,6,23,29,2.00,52985,NA,NA,NA,NA,NA,NA,NA,NA,NA,NA,NA,NA,NA,11175,-41
18.60,-1.132812,297.00,11119.00,NA,10948.00,11394.00,312.77,0.292,288.00,122.00,15,22.96,40.81580667,-73.95991500,15,6,23,29,2.20,53005,NA,NA,NA,NA,NA,NA,NA,NA,NA,NA,NA,NA,NA,11238,-41
19.00,-1.101562,283.00,11236.00,NA,11060.00,11506.00,299.93,0.280,274.00,122.00,15,24.00,40.81593500,-73.95987000,15,6,23,29,2.60,53045,NA,NA,NA,NA,NA,NA,NA,NA,NA,NA,NA,NA,NA,11358,-41
19.20,-1.101562,276.00,11292.00,NA,11115.00,11561.00,293.14,0.274,267.00,121.00,15,24.38,40.81599833,-73.95984667,15,6,23,29,2.80,53065,NA,NA,NA,NA,NA,NA,NA,NA,NA,NA,NA,NA,NA,11417,-41
19.40,-1.101562,269.00,11346.00,NA,11167.00,11613.00,286.78,0.268,260.00,121.00,15,24.96,40.81606333,-73.95982333,14,6,23,29,3.00,53085,NA,NA,NA,NA,NA,NA,NA,NA,NA,NA,NA,NA,NA,11474,-41
19.60,-1.085938,262.00,11400.00,NA,11219.00,11665.00,280.45,0.262,253.00,121.00,15,25.56,40.81612667,-73.95980167,14,6,23,29,3.20,53105,NA,NA,NA,NA,NA,NA,NA,NA,NA,NA,NA,NA,NA,11530,-41
20.00,-1.085938,248.00,11502.00,NA,11317.00,11763.00,267.43,0.250,239.00,120.00,15,26.66,40.81625500,-73.95975667,13,6,23,29,3.60,53145,NA,NA,NA,NA,NA,NA,NA,NA,NA,NA,NA,NA,NA,11636,-41
20.20,-1.085938,241.00,11551.00,NA,11364.00,11810.00,261.20,0.244,232.00,120.00,15,27.35,40.81631833,-73.95973333,13,6,23,29,3.80,53165,NA,NA,NA,NA,NA,NA,NA,NA,NA,NA,NA,NA,NA,11688,-41
20.40,-1.085938,234.00,11598.00,NA,11410.00,11856.00,255.00,0.238,225.00,120.00,15,28.07,40.81638167,-73.95971167,13,6,23,29,4.00,53185,NA,NA,NA,NA,NA,NA,NA,NA,NA,NA,NA,NA,NA,11738,-41
20.60,-1.070312,227.00,11644.00,NA,11455.00,11901.00,248.36,0.232,218.00,119.00,15,28.63,40.81644500,-73.95968833,13,6,23,29,4.20,53205,NA,NA,NA,NA,NA,NA,NA,NA,NA,NA,NA,NA,NA,11787,-41
21.00,-1.054688,213.00,11733.00,NA,11539.00,11985.00,236.17,0.221,204.00,119.00,15,30.26,40.81657000,-73.95964333,13,6,23,29,4.60,53245,NA,NA,NA,NA,NA,NA,NA,NA,NA,NA,NA,NA,NA,11880,-47
21.20,-1.054688,206.00,11775.00,NA,11579.00,12025.00,231.01,0.216,198.00,119.00,15,31.01,40.81663333,-73.95962167,13,6,23,29,4.80,53265,NA,NA,NA,NA,NA,NA,NA,NA,NA,NA,NA,NA,NA,11925,-41
21.40,-1.070312,200.00,11815.00,NA,11618.00,12064.00,225.04,0.210,191.00,119.00,15,31.92,40.81669667,-73.95960000,13,6,23,29,5.00,53285,NA,NA,NA,NA,NA,NA,NA,NA,NA,NA,NA,NA,NA,11968,-41
21.60,-1.035156,193.00,11855.00,NA,11656.00,12102.00,218.59,0.204,184.00,118.00,15,32.67,40.81675833,-73.95957667,13,6,23,29,5.20,53305,NA,NA,NA,NA,NA,NA,NA,NA,NA,NA,NA,NA,NA,12011,-41
22.00,-1.035156,179.00,11929.00,NA,11727.00,12173.00,207.76,0.194,171.00,118.00,15,34.61,40.81688333,-73.95953333,13,6,23,29,5.60,53345,NA,NA,NA,NA,NA,NA,NA,NA,NA,NA,NA,NA,NA,12091,-41
22.20,-1.035156,173.00,11965.00,NA,11761.00,12207.00,202.04,0.189,164.00,118.00,15,35.74,40.81694667,-73.95951000,13,6,23,29,5.80,53365,NA,NA,NA,NA,NA,NA,NA,NA,NA,NA,NA,NA,NA,12130,-41
22.40,-1.054688,166.00,11999.00,NA,11793.00,12239.00,196.40,0.184,157.00,118.00,15,36.93,40.81700833,-73.95948833,13,6,23,29,6.00,53385,NA,NA,NA,NA,NA,NA,NA,NA,NA,NA,NA,NA,NA,12167,-41
22.60,-1.035156,159.00,12031.00,NA,11824.00,12270.00,190.23,0.178,150.00,117.00,15,37.95,40.81707000,-73.95946667,13,6,23,29,6.20,53405,NA,NA,NA,NA,NA,NA,NA,NA,NA,NA,NA,NA,NA,12203,-41
23.00,-1.035156,146.00,12092.00,NA,11881.00,12327.00,180.16,0.169,137.00,117.00,15,40.50,40.81719500,-73.95942333,14,6,23,29,6.60,53445,NA,NA,NA,NA,NA,NA,NA,NA,NA,NA,NA,NA,NA,12270,-41
23.20,-1.019531,139.00,12121.00,NA,11908.00,12354.00,175.64,0.164,131.00,117.00,15,41.77,40.81725667,-73.95940167,14,6,23,29,6.80,53465,NA,NA,NA,NA,NA,NA,NA,NA,NA,NA,NA,NA,NA,12302,-41
23.40,-1.019531,133.00,12148.00,NA,11934.00,12380.00,170.48,0.160,124.00,117.00,15,43.34,40.81731833,-73.95937833,14,6,23,29,7.00,53485,NA,NA,NA,NA,NA,NA,NA,NA,NA,NA,NA,NA,NA,12333,-41
23.60,-1.003906,126.00,12174.00,NA,11958.00,12404.00,165.46,0.155,117.00,117.00,15,45.00,40.81738000,-73.95935667,14,6,23,29,7.20,53505,NA,NA,NA,NA,NA,NA,NA,NA,NA,NA,NA,NA,NA,12362,-41
24.00,-1.019531,113.00,12222.00,NA,12002.00,12448.00,155.79,0.146,104.00,116.00,15,48.12,40.81750333,-73.95931333,14,6,23,29,7.60,53545,NA,NA,NA,NA,NA,NA,NA,NA,NA,NA,NA,NA,NA,12417,-41
24.20,-1.035156,106.00,12244.00,NA,12023.00,12469.00,151.86,0.142,98.00,116.00,15,49.81,40.81756333,-73.95929167,14,6,23,29,7.80,53565,NA,NA,NA,NA,NA,NA,NA,NA,NA,NA,NA,NA,NA,12443,-41
24.40,-1.003906,100.00,12265.00,NA,12041.00,12487.00,147.43,0.138,91.00,116.00,15,51.89,40.81762500,-73.95927000,14,6,23,29,8.00,53585,NA,NA,NA,NA,NA,NA,NA,NA,NA,NA,NA,NA,NA,12466,-41
24.60,-1.019531,93.00,12284.00,NA,12059.00,12505.00,143.81,0.135,85.00,116.00,15,53.77,40.81768667,-73.95924833,15,6,23,29,8.20,53605,NA,NA,NA,NA,NA,NA,NA,NA,NA,NA,NA,NA,NA,12490,-41
25.00,-1.019531,80.00,12319.00,NA,12091.00,12537.00,136.00,0.127,71.00,116.00,15,58.53,40.81780833,-73.95920500,14,6,23,29,8.60,53645,NA,NA,NA,NA,NA,NA,NA,NA,NA,NA,NA,NA,NA,12532,-41
25.20,-1.019531,73.00,12334.00,NA,12104.00,12550.00,132.10,0.124,65.00,115.00,15,60.52,40.81787000,-73.95918333,15,6,23,29,8.80,53665,NA,NA,NA,NA,NA,NA,NA,NA,NA,NA,NA,NA,NA,12551,-41
25.40,-1.019531,67.00,12348.00,NA,12117.00,12563.00,128.80,0.121,58.00,115.00,15,63.24,40.81793167,-73.95916167,15,6,23,29,9.00,53685,NA,NA,NA,NA,NA,NA,NA,NA,NA,NA,NA,NA,NA,12570,-41
25.60,-1.003906,60.00,12361.00,NA,12128.00,12574.00,126.21,0.118,52.00,115.00,15,65.67,40.81799167,-73.95914000,15,6,23,29,9.20,53705,NA,NA,NA,NA,NA,NA,NA,NA,NA,NA,NA,NA,NA,12587,-41
26.00,-1.003906,47.00,12383.00,NA,12146.00,12592.00,121.43,0.114,39.00,115.00,15,71.27,40.81811333,-73.95909667,15,6,23,29,9.60,53745,NA,NA,NA,NA,NA,NA,NA,NA,NA,NA,NA,NA,NA,12616,-41
26.20,-1.019531,41.00,12392.00,NA,12153.00,12599.00,119.64,0.112,33.00,115.00,15,73.99,40.81817500,-73.95907500,15,6,23,29,9.80,53765,NA,NA,NA,NA,NA,NA,NA,NA,NA,NA,NA,NA,NA,12629,-41
26.40,-1.003906,34.00,12400.00,NA,12159.00,12605.00,117.90,0.111,26.00,115.00,15,77.26,40.81823500,-73.95905333,15,6,23,29,10.00,53785,NA,NA,NA,NA,NA,NA,NA,NA,NA,NA,NA,NA,NA,12641,-41
26.60,-1.019531,28.00,12406.00,NA,12164.00,12610.00,116.73,0.109,20.00,115.00,15,80.13,40.81829667,-73.95903167,15,6,23,29,10.20,53805,NA,NA,NA,NA,NA,NA,NA,NA,NA,NA,NA,NA,NA,12653,-41
27.00,-1.019531,15.00,12415.00,NA,12169.00,12615.00,114.21,0.107,7.00,114.00,15,86.49,40.81841667,-73.95898833,14,6,23,29,10.60,53845,NA,NA,NA,NA,NA,NA,NA,NA,NA,NA,NA,NA,NA,12670,-41
27.20,-1.003906,8.00,12417.00,NA,12170.00,12616.00,114.00,0.107,0.00,114.00,15,90.00,40.81847833,-73.95896833,14,6,23,29,10.80,53865,NA,NA,NA,NA,NA,NA,NA,NA,NA,NA,NA,NA,NA,12677,-41
27.40,-1.019531,5.00,12419.00,NA,12170.00,12616.00,59.30,0.056,-6.00,59.00,278,95.81,40.81849000,-73.95900000,14,6,23,29,11.00,53885,NA,NA,NA,NA,NA,NA,NA,NA,NA,NA,NA,NA,NA,12678,-41
27.60,-1.003906,-2.00,12419.00,NA,12168.00,12614.00,60.42,0.057,-13.00,59.00,278,102.43,40.81849500,-73.95904333,14,6,23,29,11.20,53905,NA,NA,NA,NA,NA,NA,NA,NA,NA,NA,NA,NA,NA,12676,-41
28.00,-0.988281,0.00,12419.00,NA,12161.00,12607.00,64.08,0.060,-25.00,59.00,278,112.96,40.81850333,-73.95912667,15,6,23,29,11.60,53945,NA,NA,NA,NA,NA,NA,NA,NA,NA,NA,NA,NA,NA,12668,-41
28.20,-1.003906,0.00,12419.00,NA,12155.00,12601.00,66.65,0.062,-31.00,59.00,278,117.72,40.81850833,-73.95917000,15,6,23,29,11.80,53965,NA,NA,NA,NA,NA,NA,NA,NA,NA,NA,NA,NA,NA,12662,-41
28.40,-1.003906,0.00,12419.00,NA,12148.00,12594.00,69.64,0.065,-37.00,59.00,278,122.09,40.81851333,-73.95921167,15,6,23,29,12.00,53985,NA,NA,NA,NA,NA,NA,NA,NA,NA,NA,NA,NA,NA,12655,-41
28.60,-1.003906,0.00,12419.00,NA,12140.00,12586.00,73.01,0.068,-43.00,59.00,278,126.09,40.81851833,-73.95925500,15,6,23,29,12.20,54005,NA,NA,NA,NA,NA,NA,NA,NA,NA,NA,NA,NA,NA,12647,-41
29.00,-0.972656,0.00,12419.00,NA,12121.00,12567.00,79.98,0.075,-54.00,59.00,278,132.47,40.81852667,-73.95933833,15,6,23,29,12.60,54045,NA,NA,NA,NA,NA,NA,NA,NA,NA,NA,NA,NA,NA,12628,-41
29.20,-0.988281,0.00,12419.00,NA,12110.00,12556.00,83.44,0.078,-59.00,59.00,278,135.00,40.81853167,-73.95938167,15,6,23,29,12.80,54065,NA,NA,NA,NA,NA,NA,NA,NA,NA,NA,NA,NA,NA,12617,-41
29.40,-1.019531,0.00,12419.00,NA,12098.00,12544.00,86.31,0.081,-63.00,59.00,278,136.88,40.81853500,-73.95942333,15,6,23,29,13.00,54085,NA,NA,NA,NA,NA,NA,NA,NA,NA,NA,NA,NA,NA,12605,-41
29.60,-1.003906,0.00,12419.00,NA,12085.00,12531.00,90.03,0.084,-68.00,59.00,278,139.05,40.81854000,-73.95946667,15,6,23,29,13.20,54105,NA,NA,NA,NA,NA,NA,NA,NA,NA,NA,NA,NA,NA,12593,-41
30.00,-1.003906,0.00,12419.00,NA,12056.00,12502.00,96.21,0.090,-76.00,59.00,278,142.18,40.81854833,-73.95955000,15,6,23,29,13.60,54145,NA,NA,NA,NA,NA,NA,NA,NA,NA,NA,NA,NA,NA,12564,-41
30.20,-0.988281,0.00,12419.00,NA,12041.00,12487.00,99.40,0.093,-80.00,59.00,278,143.59,40.81855333,-73.95959333,15,6,23,29,13.80,54165,NA,NA,NA,NA,NA,NA,NA,NA,NA,NA,NA,NA,NA,12550,-41
30.40,-1.019531,0.00,12419.00,NA,12025.00,12471.00,101.83,0.095,-83.00,59.00,278,144.59,40.81855833,-73.95963500,15,6,23,29,14.00,54185,NA,NA,NA,NA,NA,NA,NA,NA,NA,NA,NA,NA,NA,12534,-41
30.60,-0.988281,0.00,12419.00,NA,12008.00,12454.00,104.29,0.098,-86.00,59.00,278,145.55,40.81856333,-73.95967833,15,6,23,29,14.20,54205,NA,NA,NA,NA,NA,NA,NA,NA,NA,NA,NA,NA,NA,12518,-41
31.00,-1.019531,0.00,12419.00,NA,11973.00,12419.00,109.29,0.102,-92.00,59.00,278,147.33,40.81857167,-73.95976333,15,6,23,29,14.60,54245,NA,NA,NA,NA,NA,NA,NA,NA,NA,NA,NA,NA,NA,12484,-41
31.20,-1.003906,0.00,12419.00,NA,11954.00,12400.00,110.98,0.104,-94.00,59.00,278,147.89,40.81857667,-73.95980500,15,6,23,29,14.80,54265,NA,NA,NA,NA,NA,NA,NA,NA,NA,NA,NA,NA,NA,12465,-41
31.40,-0.988281,0.00,12419.00,NA,11935.00,12381.00,112.68,0.106,-96.00,59.00,278,148.43,40.81858000,-73.95984667,15,6,23,29,15.00,54285,NA,NA,NA,NA,NA,NA,NA,NA,NA,NA,NA,NA,NA,12447,-41
31.60,-1.003906,0.00,12419.00,NA,11916.00,12362.00,114.39,0.107,-98.00,59.00,278,148.95,40.81858500,-73.95989000,15,6,23,29,15.20,54305,NA,NA,NA,NA,NA,NA,NA,NA,NA,NA,NA,NA,NA,12429,-41
32.00,-1.003906,0.00,12419.00,NA,11876.00,12322.00,117.83,0.110,-102.00,59.00,278,149.95,40.81859333,-73.95997500,15,6,23,29,15.60,54345,NA,NA,NA,NA,NA,NA,NA,NA,NA,NA,NA,NA,NA,12390,-41
32.20,-1.003906,0.00,12419.00,NA,11855.00,12301.00,118.70,0.111,-103.00,59.00,278,150.20,40.81859833,-73.96001667,15,6,23,29,15.80,54365,NA,NA,NA,NA,NA,NA,NA,NA,NA,NA,NA,NA,NA,12370,-41
32.40,-0.988281,0.00,12419.00,NA,11835.00,12281.00,120.44,0.113,-105.00,59.00,278,150.67,40.81860333,-73.96005833,15,6,23,29,16.00,54385,NA,NA,NA,NA,NA,NA,NA,NA,NA,NA,NA,NA,NA,12350,-41
32.60,-1.019531,0.00,12419.00,NA,11814.00,12260.00,121.31,0.114,-106.00,59.00,278,150.90,40.81860833,-73.96010167,15,6,23,29,16.20,54405,NA,NA,NA,NA,NA,NA,NA,NA,NA,NA,NA,NA,NA,12330,-41
33.00,-1.019531,0.00,12419.00,NA,11771.00,12217.00,123.07,0.115,-108.00,59.00,278,151.35,40.81861667,-73.96018667,15,6,23,29,16.60,54445,NA,NA,NA,NA,NA,NA,NA,NA,NA,NA,NA,NA,NA,12289,-41
33.20,-0.988281,0.00,12419.00,NA,11750.00,12196.00,123.94,0.116,-109.00,59.00,278,151.57,40.81862167,-73.96022833,15,6,23,29,16.80,54465,NA,NA,NA,NA,NA,NA,NA,NA,NA,NA,NA,NA,NA,12269,-41
33.40,-1.003906,0.00,12419.00,NA,11728.00,12174.00,124.82,0.117,-110.00,59.00,278,151.79,40.81862500,-73.96027000,15,6,23,29,17.00,54485,NA,NA,NA,NA,NA,NA,NA,NA,NA,NA,NA,NA,NA,12248,-41
33.60,-1.003906,0.00,12419.00,NA,11706.00,12152.00,125.71,0.118,-111.00,59.00,278,152.01,40.81863000,-73.96031333,15,6,23,29,17.20,54505,NA,NA,NA,NA,NA,NA,NA,NA,NA,NA,NA,NA,NA,12226,-41
34.00,-0.988281,0.00,12419.00,NA,11662.00,12108.00,126.59,0.118,-112.00,59.00,278,152.22,40.81863833,-73.96039833,15,6,23,29,17.60,54545,NA,NA,NA,NA,NA,NA,NA,NA,NA,NA,NA,NA,NA,12184,-41
34.20,-1.003906,0.00,12419.00,NA,11639.00,12085.00,126.59,0.118,-112.00,59.00,278,152.22,40.81864333,-73.96044000,15,6,23,29,17.80,54565,NA,NA,NA,NA,NA,NA,NA,NA,NA,NA,NA,NA,NA,12162,-41
34.40,-1.003906,0.00,12419.00,NA,11617.00,12063.00,127.48,0.119,-113.00,59.00,278,152.43,40.81864833,-73.96048167,15,6,23,29,18.00,54585,NA,NA,NA,NA,NA,NA,NA,NA,NA,NA,NA,NA,NA,12141,-41
34.60,-1.003906,0.00,12419.00,NA,11594.00,12040.00,127.48,0.119,-113.00,59.00,278,152.43,40.81865333,-73.96052500,15,6,23,29,18.20,54605,NA,NA,NA,NA,NA,NA,NA,NA,NA,NA,NA,NA,NA,12119,-41
35.00,-1.003906,0.00,12419.00,NA,11549.00,11995.00,128.36,0.120,-114.00,59.00,278,152.64,40.81866167,-73.96061000,15,6,23,29,18.60,54645,NA,NA,NA,NA,NA,NA,NA,NA,NA,NA,NA,NA,NA,12076,-41
35.20,-1.003906,0.00,12419.00,NA,11526.00,11972.00,128.36,0.120,-114.00,59.00,278,152.64,40.81866667,-73.96065167,15,6,23,29,18.80,54665,NA,NA,NA,NA,NA,NA,NA,NA,NA,NA,NA,NA,NA,12054,-41
35.40,-0.988281,0.00,12419.00,NA,11504.00,11950.00,128.36,0.120,-114.00,59.00,278,152.64,40.81867000,-73.96069333,15,6,23,29,19.00,54685,NA,NA,NA,NA,NA,NA,NA,NA,NA,NA,NA,NA,NA,12033,-41
35.60,-1.003906,0.00,12419.00,NA,11481.00,11927.00,129.25,0.121,-115.00,59.00,278,152.84,40.81867500,-73.96073667,15,6,23,29,19.20,54705,NA,NA,NA,NA,NA,NA,NA,NA,NA,NA,NA,NA,NA,12011,-41
36.00,-1.003906,0.00,12419.00,NA,11435.00,11881.00,129.25,0.121,-115.00,59.00,278,152.84,40.81868333,-73.96082167,15,6,23,29,19.60,54745,NA,NA,NA,NA,NA,NA,NA,NA,NA,NA,NA,NA,NA,11968,-41
36.20,-1.019531,0.00,12419.00,NA,11412.00,11858.00,129.25,0.121,-115.00,59.00,278,152.84,40.81868833,-73.96086333,15,6,23,29,19.80,54765,NA,NA,NA,NA,NA,NA,NA,NA,NA,NA,NA,NA,NA,11946,-41
36.40,-0.988281,0.00,12419.00,NA,11389.00,11835.00,129.25,0.121,-115.00,59.00,278,152.84,40.81869333,-73.96090667,15,6,23,29,20.00,54785,NA,NA,NA,NA,NA,NA,NA,NA,NA,NA,NA,NA,NA,11924,-41
36.60,-1.019531,0.00,12419.00,NA,11366.00,11812.00,129.25,0.121,-115.00,59.00,278,152.84,40.81869667,-73.96094833,15,6,23,29,20.20,54805,NA,NA,NA,NA,NA,NA,NA,NA,NA,NA,NA,NA,NA,11902,-41
37.00,-1.003906,0.00,12419.00,NA,11320.00,11766.00,129.25,0.121,-115.00,59.00,278,152.84,40.81870667,-73.96103333,15,6,23,29,20.60,54845,NA,NA,NA,NA,NA,NA,NA,NA,NA,NA,NA,NA,NA,11858,-41
37.20,-1.003906,0.00,12419.00,NA,11297.00,11743.00,129.25,0.121,-115.00,59.00,278,152.84,40.81871167,-73.96107500,15,6,23,29,20.80,54865,NA,NA,NA,NA,NA,NA,NA,NA,NA,NA,NA,NA,NA,11837,-41
37.40,-1.003906,0.00,12419.00,NA,11274.00,11720.00,129.25,0.121,-115.00,59.00,278,152.84,40.81871500,-73.96111833,15,6,23,29,21.00,54885,NA,NA,NA,NA,NA,NA,NA,NA,NA,NA,NA,NA,NA,11815,-41
37.60,-1.019531,0.00,12419.00,NA,11251.00,11697.00,129.25,0.121,-115.00,59.00,278,152.84,40.81872000,-73.96116000,15,6,23,29,21.20,54905,NA,NA,NA,NA,NA,NA,NA,NA,NA,NA,NA,NA,NA,11793,-41
38.00,-1.003906,0.00,12419.00,NA,11205.00,11651.00,129.25,0.121,-115.00,59.00,278,152.84,40.81872833,-73.96124500,15,6,23,29,21.60,54945,NA,NA,NA,NA,NA,NA,NA,NA,NA,NA,NA,NA,NA,11750,-41
38.20,-0.988281,0.00,12419.00,NA,11182.00,11628.00,129.25,0.121,-115.00,59.00,278,152.84,40.81873333,-73.96128667,15,6,23,29,21.80,54965,NA,NA,NA,NA,NA,NA,NA,NA,NA,NA,NA,NA,NA,11728,-41
38.40,-1.003906,0.00,12419.00,NA,11159.00,11605.00,129.25,0.121,-115.00,59.00,278,152.84,40.81873833,-73.96133000,15,6,23,29,22.00,54985,NA,NA,NA,NA,NA,NA,NA,NA,NA,NA,NA,NA,NA,11706,-41
38.60,-1.003906,0.00,12419.00,NA,11136.00,11582.00,129.25,0.121,-115.00,59.00,278,152.84,40.81874167,-73.96137167,15,6,23,29,22.20,55005,NA,NA,NA,NA,NA,NA,NA,NA,NA,NA,NA,NA,NA,11685,-41
39.00,-1.019531,0.00,12419.00,NA,11090.00,11536.00,129.25,0.121,-115.00,59.00,278,152.84,40.81875167,-73.96145667,15,6,23,29,22.60,55045,NA,NA,NA,NA,NA,NA,NA,NA,NA,NA,NA,NA,NA,11641,-41
39.20,-0.988281,0.00,12419.00,NA,11067.00,11513.00,129.25,0.121,-115.00,59.00,278,152.84,40.81875667,-73.96149833,15,6,23,29,22.80,55065,NA,NA,NA,NA,NA,NA,NA,NA,NA,NA,NA,NA,NA,11620,-41
39.40,-1.003906,0.00,12419.00,NA,11044.00,11490.00,129.25,0.121,-115.00,59.00,278,152.84,40.81876000,-73.96154167,15,6,23,29,23.00,55085,NA,NA,NA,NA,NA,NA,NA,NA,NA,NA,NA,NA,NA,11598,-40
39.60,-0.988281,0.00,12419.00,NA,11021.00,11467.00,129.25,0.121,-115.00,59.00,278,152.84,40.81876500,-73.96158333,15,6,23,29,23.20,55105,NA,NA,NA,NA,NA,NA,NA,NA,NA,NA,NA,NA,NA,11577,-41
40.00,-1.003906,0.00,12419.00,NA,10975.00,11421.00,129.25,0.121,-115.00,59.00,278,152.84,40.81877333,-73.96166833,15,6,23,29,23.60,55145,NA,NA,NA,NA,NA,NA,NA,NA,NA,NA,NA,NA,NA,11533,-41
40.20,-0.972656,0.00,12419.00,NA,10952.00,11398.00,129.25,0.121,-115.00,59.00,278,152.84,40.81877833,-73.96171000,15,6,23,29,23.80,55165,NA,NA,NA,NA,NA,NA,NA,NA,NA,NA,NA,NA,NA,11512,-41
40.40,-1.019531,0.00,12419.00,NA,10929.00,11375.00,129.25,0.121,-115.00,59.00,278,152.84,40.81878333,-73.96175333,15,6,23,29,24.00,55185,NA,NA,NA,NA,NA,NA,NA,NA,NA,NA,NA,NA,NA,11490,-41
40.60,-1.003906,0.00,12419.00,NA,10906.00,11352.00,129.25,0.121,-115.00,59.00,278,152.84,40.81878667,-73.96179500,15,6,23,29,24.20,55205,NA,NA,NA,NA,NA,NA,NA,NA,NA,NA,NA,NA,NA,11469,-41
41.00,-1.003906,0.00,12419.00,NA,10860.00,11306.00,129.25,0.121,-115.00,59.00,278,152.84,40.81879667,-73.96188000,15,6,23,29,24.60,55245,NA,NA,NA,NA,NA,NA,NA,NA,NA,NA,NA,NA,NA,11426,-41
41.20,-0.988281,0.00,12419.00,NA,10837.00,11283.00,129.25,0.121,-115.00,59.00,278,152.84,40.81880167,-73.96192167,15,6,23,29,24.80,55265,NA,NA,NA,NA,NA,NA,NA,NA,NA,NA,NA,NA,NA,11405,-41
41.40,-1.003906,0.00,12419.00,NA,10814.00,11260.00,129.25,0.121,-115.00,59.00,278,152.84,40.81880500,-73.96196500,15,6,23,29,25.00,55285,NA,NA,NA,NA,NA,NA,NA,NA,NA,NA,NA,NA,NA,11383,-41
41.60,-1.003906,0.00,12419.00,NA,10791.00,11237.00,129.25,0.121,-115.00,59.00,278,152.84,40.81881000,-73.96200667,15,6,23,29,25.20,55305,NA,NA,NA,NA,NA,NA,NA,NA,NA,NA,NA,NA,NA,11362,-41
42.00,-1.003906,0.00,12419.00,NA,10745.00,11191.00,129.25,0.120,-115.00,59.00,278,152.84,40.81881833,-73.96209167,15,6,23,29,25.60,55345,NA,NA,NA,NA,NA,NA,NA,NA,NA,NA,NA,NA,NA,11319,-41
42.20,-1.019531,0.00,12419.00,NA,10722.00,11168.00,129.25,0.120,-115.00,59.00,278,152.84,40.81882333,-73.96213333,15,6,23,29,25.80,55365,NA,NA,NA,NA,NA,NA,NA,NA,NA,NA,NA,NA,NA,11298,-41
42.40,-0.988281,0.00,12419.00,NA,10699.00,11145.00,129.25,0.120,-115.00,59.00,278,152.84,40.81882833,-73.96217667,15,6,23,29,26.00,55385,NA,NA,NA,NA,NA,NA,NA,NA,NA,NA,NA,NA,NA,11276,-41
42.60,-1.019531,0.00,12419.00,NA,10676.00,11122.00,129.25,0.120,-115.00,59.00,278,152.84,40.81883167,-73.96221833,15,6,23,29,26.20,55405,NA,NA,NA,NA,NA,NA,NA,NA,NA,NA,NA,NA,NA,11255,-41
43.00,-1.019531,0.00,12419.00,NA,10630.00,11076.00,129.25,0.120,-115.00,59.00,278,152.84,40.81884167,-73.96230333,15,6,23,29,26.60,55445,NA,NA,NA,NA,NA,NA,NA,NA,NA,NA,NA,NA,NA,11212,-41
43.20,-1.019531,0.00,12419.00,NA,10607.00,11053.00,129.25,0.120,-115.00,59.00,278,152.84,40.81884667,-73.96234500,15,6,23,29,26.80,55465,NA,NA,NA,NA,NA,NA,NA,NA,NA,NA,NA,NA,NA,11191,-41
43.40,-0.988281,0.00,12419.00,NA,10584.00,11030.00,129.25,0.120,-115.00,59.00,278,152.84,40.81885000,-73.96238833,14,6,23,29,27.00,55485,NA,NA,NA,NA,NA,NA,NA,NA,NA,NA,NA,NA,NA,11170,-41
43.60,-1.003906,0.00,12419.00,NA,10561.00,11007.00,129.25,0.120,-115.00,59.00,278,152.84,40.81885500,-73.96243000,14,6,23,29,27.20,55505,NA,NA,NA,NA,NA,NA,NA,NA,NA,NA,NA,NA,NA,11149,-41
44.00,-1.003906,0.00,12419.00,NA,10515.00,10961.00,129.25,0.120,-115.00,59.00,278,152.84,40.81886333,-73.96251500,14,6,23,29,27.60,55545,NA,NA,NA,NA,NA,NA,NA,NA,NA,NA,NA,NA,NA,11106,-41
44.20,-1.003906,0.00,12419.00,NA,10493.00,10939.00,129.25,0.120,-115.00,59.00,278,152.84,40.81886833,-73.96255667,14,6,23,29,27.80,55565,NA,NA,NA,NA,NA,NA,NA,NA,NA,NA,NA,NA,NA,11086,-41
44.40,-1.003906,0.00,12419.00,NA,10470.00,10916.00,129.25,0.120,-115.00,59.00,278,152.84,40.81887333,-73.96260000,14,6,23,29,28.00,55585,NA,NA,NA,NA,NA,NA,NA,NA,NA,NA,NA,NA,NA,11065,-41
44.60,-1.003906,0.00,12419.00,NA,10447.00,10893.00,129.25,0.120,-115.00,59.00,278,152.84,40.81887667,-73.96264167,14,6,23,29,28.20,55605,NA,NA,NA,NA,NA,NA,NA,NA,NA,NA,NA,NA,NA,11044,-41
45.00,-0.988281,0.00,12419.00,NA,10401.00,10847.00,129.25,0.120,-115.00,59.00,278,152.84,40.81888667,-73.96272667,15,6,23,29,28.60,55645,NA,NA,NA,NA,NA,NA,NA,NA,NA,NA,NA,NA,NA,11002,-41
45.20,-0.988281,0.00,12419.00,NA,10378.00,10824.00,129.25,0.120,-115.00,59.00,278,152.84,40.81889000,-73.96276833,15,6,23,29,28.80,55665,NA,NA,NA,NA,NA,NA,NA,NA,NA,NA,NA,NA,NA,10980,-41
45.40,-1.003906,0.00,12419.00,NA,10355.00,10801.00,129.25,0.120,-115.00,59.00,278,152.84,40.81889500,-73.96281167,15,6,23,29,29.00,55685,NA,NA,NA,NA,NA,NA,NA,NA,NA,NA,NA,NA,NA,10959,-41
45.60,-1.003906,0.00,12419.00,NA,10332.00,10778.00,129.25,0.120,-115.00,59.00,278,152.84,40.81890000,-73.96285333,15,6,23,29,29.20,55705,NA,NA,NA,NA,NA,NA,NA,NA,NA,NA,NA,NA,NA,10939,-41
46.00,-0.988281,0.00,12419.00,NA,10287.00,10733.00,128.36,0.119,-114.00,59.00,278,152.64,40.81890833,-73.96293833,15,6,23,29,29.60,55745,NA,NA,NA,NA,NA,NA,NA,NA,NA,NA,NA,NA,NA,10897,-41
46.20,-1.003906,0.00,12419.00,NA,10264.00,10710.00,128.36,0.119,-114.00,59.00,278,152.64,40.81891333,-73.96298000,15,6,23,29,29.80,55765,NA,NA,NA,NA,NA,NA,NA,NA,NA,NA,NA,NA,NA,10877,-41
46.40,-0.988281,0.00,12419.00,NA,10241.00,10687.00,128.36,0.119,-114.00,59.00,278,152.64,40.81891833,-73.96302333,15,6,23,29,30.00,55785,NA,NA,NA,NA,NA,NA,NA,NA,NA,NA,NA,NA,NA,10856,-41
46.60,-1.019531,0.00,12419.00,NA,10218.00,10664.00,128.36,0.119,-114.00,59.00,278,152.64,40.81892167,-73.96306500,15,6,23,29,30.20,55805,NA,NA,NA,NA,NA,NA,NA,NA,NA,NA,NA,NA,NA,10835,-41
47.00,-1.003906,0.00,12419.00,NA,10173.00,10619.00,128.36,0.119,-114.00,59.00,278,152.64,40.81893167,-73.96315000,15,6,23,29,30.60,55845,NA,NA,NA,NA,NA,NA,NA,NA,NA,NA,NA,NA,NA,10794,-41
47.20,-1.003906,0.00,12419.00,NA,10150.00,10596.00,128.36,0.119,-114.00,59.00,278,152.64,40.81893500,-73.96319167,15,6,23,29,30.80,55865,NA,NA,NA,NA,NA,NA,NA,NA,NA,NA,NA,NA,NA,10773,-41
47.40,-1.019531,0.00,12419.00,NA,10127.00,10573.00,128.36,0.119,-114.00,59.00,278,152.64,40.81894000,-73.96323500,15,6,23,29,31.00,55885,NA,NA,NA,NA,NA,NA,NA,NA,NA,NA,NA,NA,NA,10752,-41
47.60,-1.003906,0.00,12419.00,NA,10104.00,10550.00,128.36,0.119,-114.00,59.00,278,152.64,40.81894500,-73.96327667,15,6,23,29,31.20,55905,NA,NA,NA,NA,NA,NA,NA,NA,NA,NA,NA,NA,NA,10731,-41
48.00,-1.019531,0.00,12419.00,NA,10059.00,10505.00,128.36,0.119,-114.00,59.00,278,152.64,40.81895333,-73.96336167,15,6,23,29,31.60,55945,NA,NA,NA,NA,NA,NA,NA,NA,NA,NA,NA,NA,NA,10691,-41
48.20,-1.019531,0.00,12419.00,NA,10036.00,10482.00,128.36,0.119,-114.00,59.00,278,152.64,40.81895833,-73.96340500,15,6,23,29,31.80,55965,NA,NA,NA,NA,NA,NA,NA,NA,NA,NA,NA,NA,NA,10670,-41
48.40,-0.988281,0.00,12419.00,NA,10013.00,10459.00,128.36,0.119,-114.00,59.00,278,152.64,40.81896333,-73.96344667,15,6,23,29,32.00,55985,NA,NA,NA,NA,NA,NA,NA,NA,NA,NA,NA,NA,NA,10649,-41
48.60,-1.003906,0.00,12419.00,NA,9990.00,10436.00,128.36,0.119,-114.00,59.00,278,152.64,40.81896667,-73.96348833,15,6,23,29,32.20,56005,NA,NA,NA,NA,NA,NA,NA,NA,NA,NA,NA,NA,NA,10629,-41
49.00,-1.003906,0.00,12419.00,NA,9945.00,10391.00,128.36,0.119,-114.00,59.00,278,152.64,40.81897667,-73.96357333,14,6,23,29,32.60,56045,NA,NA,NA,NA,NA,NA,NA,NA,NA,NA,NA,NA,NA,10588,-41
49.20,-1.003906,0.00,12419.00,NA,9922.00,10368.00,128.36,0.119,-114.00,59.00,278,152.64,40.81898000,-73.96361667,14,6,23,29,32.80,56065,NA,NA,NA,NA,NA,NA,NA,NA,NA,NA,NA,NA,NA,10568,-41
49.40,-0.988281,0.00,12419.00,NA,9900.00,10346.00,128.36,0.119,-114.00,59.00,278,152.64,40.81898500,-73.96365833,14,6,23,29,33.00,56085,NA,NA,NA,NA,NA,NA,NA,NA,NA,NA,NA,NA,NA,10548,-41
49.60,-1.003906,0.00,12419.00,NA,9877.00,10323.00,128.36,0.119,-114.00,59.00,278,152.64,40.81899000,-73.96370000,14,6,23,29,33.20,56105,NA,NA,NA,NA,NA,NA,NA,NA,NA,NA,NA,NA,NA,10527,-41
50.00,-1.003906,0.00,12419.00,NA,9831.00,10277.00,128.36,0.119,-114.00,59.00,278,152.64,40.81899833,-73.96378500,14,6,23,29,33.60,56145,NA,NA,NA,NA,NA,NA,NA,NA,NA,NA,NA,NA,NA,10486,-41
50.20,-0.988281,0.00,12419.00,NA,9809.00,10255.00,128.36,0.119,-114.00,59.00,278,152.64,40.81900333,-73.96382833,14,6,23,29,33.80,56165,NA,NA,NA,NA,NA,NA,NA,NA,NA,NA,NA,NA,NA,10467,-41
50.40,-1.019531,0.00,12419.00,NA,9786.00,10232.00,128.36,0.119,-114.00,59.00,278,152.64,40.81900833,-73.96387000,14,6,23,29,34.00,56185,NA,NA,NA,NA,NA,NA,NA,NA,NA,NA,NA,NA,NA,10446,-41
50.60,-1.003906,0.00,12419.00,NA,9764.00,10210.00,127.48,0.118,-113.00,59.00,278,152.43,40.81901167,-73.96391167,14,6,23,29,34.20,56205,NA,NA,NA,NA,NA,NA,NA,NA,NA,NA,NA,NA,NA,10427,-41
51.00,-1.019531,0.00,12419.00,NA,9718.00,10164.00,127.48,0.118,-113.00,59.00,278,152.43,40.81902167,-73.96399667,14,6,23,29,34.60,56245,NA,NA,NA,NA,NA,NA,NA,NA,NA,NA,NA,NA,NA,10386,-41
51.20,-1.003906,0.00,12419.00,NA,9696.00,10142.00,127.48,0.118,-113.00,59.00,278,152.43,40.81902500,-73.96404000,14,6,23,29,34.80,56265,NA,NA,NA,NA,NA,NA,NA,NA,NA,NA,NA,NA,NA,10366,-41
51.40,-1.003906,0.00,12419.00,NA,9673.00,10119.00,127.48,0.118,-113.00,59.00,278,152.43,40.81903000,-73.96408167,14,6,23,29,35.00,56285,NA,NA,NA,NA,NA,NA,NA,NA,NA,NA,NA,NA,NA,10346,-41
51.60,-1.003906,0.00,12419.00,NA,9651.00,10097.00,127.48,0.118,-113.00,59.00,278,152.43,40.81903500,-73.96412333,14,6,23,29,35.20,56305,NA,NA,NA,NA,NA,NA,NA,NA,NA,NA,NA,NA,NA,10327,-41
52.00,-1.003906,0.00,12419.00,NA,9605.00,10051.00,127.48,0.118,-113.00,59.00,278,152.43,40.81904333,-73.96420833,14,6,23,29,35.60,56345,NA,NA,NA,NA,NA,NA,NA,NA,NA,NA,NA,NA,NA,10286,-41
52.20,-1.003906,0.00,12419.00,NA,9583.00,10029.00,127.48,0.118,-113.00,59.00,278,152.43,40.81904833,-73.96425167,14,6,23,29,35.80,56365,NA,NA,NA,NA,NA,NA,NA,NA,NA,NA,NA,NA,NA,10267,-41
52.40,-1.003906,0.00,12419.00,NA,9560.00,10006.00,127.48,0.118,-113.00,59.00,278,152.43,40.81905333,-73.96429333,14,6,23,29,36.00,56385,NA,NA,NA,NA,NA,NA,NA,NA,NA,NA,NA,NA,NA,10247,-41
52.60,-0.972656,0.00,12419.00,NA,9538.00,9984.00,127.48,0.118,-113.00,59.00,278,152.43,40.81905667,-73.96433500,14,6,23,29,36.20,56405,NA,NA,NA,NA,NA,NA,NA,NA,NA,NA,NA,NA,NA,10227,-41
53.00,-1.019531,0.00,12419.00,NA,9493.00,9939.00,127.48,0.118,-113.00,59.00,278,152.43,40.81906667,-73.96442000,14,6,23,29,36.60,56445,NA,NA,NA,NA,NA,NA,NA,NA,NA,NA,NA,NA,NA,10188,-41
53.20,-1.003906,0.00,12419.00,NA,9470.00,9916.00,127.48,0.118,-113.00,59.00,278,152.43,40.81907000,-73.96446333,14,6,23,29,36.80,56465,NA,NA,NA,NA,NA,NA,NA,NA,NA,NA,NA,NA,NA,10168,-40
53.40,-1.003906,0.00,12419.00,NA,9447.00,9893.00,127.48,0.118,-113.00,59.00,278,152.43,40.81907500,-73.96450500,14,6,23,29,37.00,56485,NA,NA,NA,NA,NA,NA,NA,NA,NA,NA,NA,NA,NA,10148,-41
53.60,-1.019531,0.00,12419.00,NA,9425.00,9871.00,127.48,0.118,-113.00,59.00,278,152.43,40.81908000,-73.96454667,14,6,23,29,37.20,56505,NA,NA,NA,NA,NA,NA,NA,NA,NA,NA,NA,NA,NA,10128,-41
54.00,-1.003906,0.00,12419.00,NA,9380.00,9826.00,127.48,0.118,-113.00,59.00,278,152.43,40.81908833,-73.96463167,14,6,23,29,37.60,56545,NA,NA,NA,NA,NA,NA,NA,NA,NA,NA,NA,NA,NA,10089,-41
54.20,-1.003906,0.00,12419.00,NA,9357.00,9803.00,127.48,0.118,-113.00,59.00,278,152.43,40.81909333,-73.96467500,14,6,23,29,37.80,56565,NA,NA,NA,NA,NA,NA,NA,NA,NA,NA,NA,NA,NA,10069,-41
54.40,-1.003906,0.00,12419.00,NA,9335.00,9781.00,127.48,0.118,-113.00,59.00,278,152.43,40.81909833,-73.96471667,14,6,23,29,38.00,56585,NA,NA,NA,NA,NA,NA,NA,NA,NA,NA,NA,NA,NA,10050,-41
54.60,-1.003906,0.00,12419.00,NA,9312.00,9758.00,127.48,0.118,-113.00,59.00,278,152.43,40.81910167,-73.96476000,14,6,23,29,38.20,56605,NA,NA,NA,NA,NA,NA,NA,NA,NA,NA,NA,NA,NA,10030,-41
55.00,-0.988281,0.00,12419.00,NA,9267.00,9713.00,127.48,0.118,-113.00,59.00,278,152.43,40.81911167,-73.96484333,14,6,23,29,38.60,56645,NA,NA,NA,NA,NA,NA,NA,NA,NA,NA,NA,NA,NA,9991,-41
55.20,-0.988281,0.00,12419.00,NA,9245.00,9691.00,127.48,0.118,-113.00,59.00,278,152.43,40.81911500,-73.96488667,14,6,23,29,38.80,56665,NA,NA,NA,NA,NA,NA,NA,NA,NA,NA,NA,NA,NA,9972,-41
55.40,-0.988281,0.00,12419.00,NA,9223.00,9669.00,126.59,0.117,-112.00,59.00,278,152.22,40.81912000,-73.96492833,14,6,23,29,39.00,56685,NA,NA,NA,NA,NA,NA,NA,NA,NA,NA,NA,NA,NA,9945,-41
55.60,-1.019531,0.00,12419.00,NA,9200.00,9646.00,126.59,0.117,-112.00,59.00,278,152.22,40.81912500,-73.96497167,14,6,23,29,39.20,56705,NA,NA,NA,NA,NA,NA,NA,NA,NA,NA,NA,NA,NA,9925,-41
56.00,-0.988281,0.00,12419.00,NA,9155.00,9601.00,126.59,0.117,-112.00,59.00,278,152.22,40.81913333,-73.96505500,14,6,23,29,39.60,56745,NA,NA,NA,NA,NA,NA,NA,NA,NA,NA,NA,NA,NA,9887,-41
56.20,-0.988281,0.00,12419.00,NA,9133.00,9579.00,126.59,0.117,-112.00,59.00,278,152.22,40.81913833,-73.96509833,14,6,23,29,39.80,56765,NA,NA,NA,NA,NA,NA,NA,NA,NA,NA,NA,NA,NA,9868,-41
56.40,-1.019531,0.00,12419.00,NA,9111.00,9557.00,126.59,0.117,-112.00,59.00,278,152.22,40.81914333,-73.96514000,14,6,23,29,40.00,56785,NA,NA,NA,NA,NA,NA,NA,NA,NA,NA,NA,NA,NA,9849,-41
56.60,-0.988281,0.00,12419.00,NA,9088.00,9534.00,126.59,0.117,-112.00,59.00,278,152.22,40.81914667,-73.96518333,14,6,23,29,40.20,56805,NA,NA,NA,NA,NA,NA,NA,NA,NA,NA,NA,NA,NA,9829,-41
57.00,-1.003906,0.00,12419.00,NA,9043.00,9489.00,126.59,0.117,-112.00,59.00,278,152.22,40.81915667,-73.96526667,14,6,23,29,40.60,56845,NA,NA,NA,NA,NA,NA,NA,NA,NA,NA,NA,NA,NA,9790,-41
57.20,-0.972656,0.00,12419.00,NA,9021.00,9467.00,126.59,0.117,-112.00,59.00,278,152.22,40.81916000,-73.96531000,14,6,23,29,40.80,56865,NA,NA,NA,NA,NA,NA,NA,NA,NA,NA,NA,NA,NA,9772,-41
57.40,-0.988281,0.00,12419.00,NA,8999.00,9445.00,126.59,0.117,-112.00,59.00,278,152.22,40.81916500,-73.96535167,15,6,23,29,41.00,56885,NA,NA,NA,NA,NA,NA,NA,NA,NA,NA,NA,NA,NA,9753,-41
57.60,-1.003906,0.00,12419.00,NA,8976.00,9422.00,126.59,0.117,-112.00,59.00,278,152.22,40.81917000,-73.96539500,15,6,23,29,41.20,56905,NA,NA,NA,NA,NA,NA,NA,NA,NA,NA,NA,NA,NA,9733,-41
58.00,-0.988281,0.00,12419.00,NA,8932.00,9378.00,126.59,0.117,-112.00,59.00,278,152.22,40.81917833,-73.96547833,15,6,23,29,41.60,56945,NA,NA,NA,NA,NA,NA,NA,NA,NA,NA,NA,NA,NA,9696,-41
58.20,-1.003906,0.00,12419.00,NA,8909.00,9355.00,126.59,0.117,-112.00,59.00,278,152.22,40.81918333,-73.96552167,15,6,23,29,41.80,56965,NA,NA,NA,NA,NA,NA,NA,NA,NA,NA,NA,NA,NA,9677,-41
58.40,-1.003906,0.00,12419.00,NA,8887.00,9333.00,126.59,0.117,-112.00,59.00,278,152.22,40.81918833,-73.96556333,15,6,23,29,42.00,56985,NA,NA,NA,NA,NA,NA,NA,NA,NA,NA,NA,NA,NA,9658,-41
58.60,-1.003906,0.00,12419.00,NA,8864.00,9310.00,126.59,0.117,-112.00,59.00,278,152.22,40.81919167,-73.96560667,15,6,23,29,42.20,57005,NA,NA,NA,NA,NA,NA,NA,NA,NA,NA,NA,NA,NA,9639,-41
59.00,-0.972656,0.00,12419.00,NA,8820.00,9266.00,126.59,0.117,-112.00,59.00,278,152.22,40.81920167,-73.96569000,15,6,23,29,42.60,57045,NA,NA,NA,NA,NA,NA,NA,NA,NA,NA,NA,NA,NA,9602,-41
59.20,-0.988281,0.00,12419.00,NA,8798.00,9244.00,126.59,0.117,-112.00,59.00,278,152.22,40.81920500,-73.96573333,15,6,23,29,42.80,57065,NA,NA,NA,NA,NA,NA,NA,NA,NA,NA,NA,NA,NA,9583,-41
59.40,-1.019531,0.00,12419.00,NA,8775.00,9221.00,126.59,0.117,-112.00,59.00,278,152.22,40.81921000,-73.96577500,15,6,23,29,43.00,57085,NA,NA,NA,NA,NA,NA,NA,NA,NA,NA,NA,NA,NA,9564,-41
59.60,-1.003906,0.00,12419.00,NA,8753.00,9199.00,126.59,0.117,-112.00,59.00,278,152.22,40.81921500,-73.96581833,15,6,23,29,43.20,57105,NA,NA,NA,NA,NA,NA,NA,NA,NA,NA,NA,NA,NA,9546,-41
60.00,-1.003906,0.00,12419.00,NA,8709.00,9155.00,126.59,0.117,-112.00,59.00,278,152.22,40.81922333,-73.96590333,15,6,23,29,43.60,57145,NA,NA,NA,NA,NA,NA,NA,NA,NA,NA,NA,NA,NA,9509,-41
60.20,-1.003906,0.00,12419.00,NA,8686.00,9132.00,125.71,0.116,-111.00,59.00,278,152.01,40.81922833,-73.96594500,15,6,23,29,43.80,57165,NA,NA,NA,NA,NA,NA,NA,NA,NA,NA,NA,NA,NA,9490,-41
60.40,-1.003906,0.00,12419.00,NA,8664.00,9110.00,125.71,0.116,-111.00,59.00,278,152.01,40.81923333,-73.96598667,15,6,23,29,44.00,57185,NA,NA,NA,NA,NA,NA,NA,NA,NA,NA,NA,NA,NA,9472,-41
60.60,-1.035156,0.00,12419.00,NA,8642.00,9088.00,125.71,0.116,-111.00,59.00,278,152.01,40.81923667,-73.96603000,15,6,23,29,44.20,57205,NA,NA,NA,NA,NA,NA,NA,NA,NA,NA,NA,NA,NA,9453,-41
61.00,-1.019531,0.00,12419.00,NA,8597.00,9043.00,125.71,0.116,-111.00,59.00,278,152.01,40.81924667,-73.96611500,15,6,23,29,44.60,57245,NA,NA,NA,NA,NA,NA,NA,NA,NA,NA,NA,NA,NA,9416,-41
61.20,-1.003906,0.00,12419.00,NA,8575.00,9021.00,125.71,0.116,-111.00,59.00,278,152.01,40.81925000,-73.96615667,15,6,23,29,44.80,57265,NA,NA,NA,NA,NA,NA,NA,NA,NA,NA,NA,NA,NA,9398,-41
61.40,-0.988281,0.00,12419.00,NA,8553.00,8999.00,125.71,0.116,-111.00,59.00,278,152.01,40.81925500,-73.96619833,15,6,23,29,45.00,57285,NA,NA,NA,NA,NA,NA,NA,NA,NA,NA,NA,NA,NA,9380,-41
61.60,-1.003906,0.00,12419.00,NA,8531.00,8977.00,125.71,0.116,-111.00,59.00,278,152.01,40.81926000,-73.96624167,15,6,23,29,45.20,57305,NA,NA,NA,NA,NA,NA,NA,NA,NA,NA,NA,NA,NA,9362,-41
62.00,-0.988281,0.00,12419.00,NA,8486.00,8932.00,125.71,0.116,-111.00,59.00,278,152.01,40.81926833,-73.96632667,15,6,23,29,45.60,57345,NA,NA,NA,NA,NA,NA,NA,NA,NA,NA,NA,NA,NA,9325,-41
62.20,-1.019531,0.00,12419.00,NA,8464.00,8910.00,125.71,0.116,-111.00,59.00,278,152.01,40.81927333,-73.96636833,15,6,23,29,45.80,57365,NA,NA,NA,NA,NA,NA,NA,NA,NA,NA,NA,NA,NA,9307,-41
62.40,-0.988281,0.00,12419.00,NA,8442.00,8888.00,125.71,0.116,-111.00,59.00,278,152.01,40.81927833,-73.96641000,15,6,23,29,46.00,57385,NA,NA,NA,NA,NA,NA,NA,NA,NA,NA,NA,NA,NA,9289,-41
62.60,-1.003906,0.00,12419.00,NA,8420.00,8866.00,125.71,0.116,-111.00,59.00,278,152.01,40.81928167,-73.96645333,15,6,23,29,46.20,57405,NA,NA,NA,NA,NA,NA,NA,NA,NA,NA,NA,NA,NA,9271,-41
63.00,-1.003906,0.00,12419.00,NA,8376.00,8822.00,125.71,0.116,-111.00,59.00,278,152.01,40.81929167,-73.96653833,16,6,23,29,46.60,57445,NA,NA,NA,NA,NA,NA,NA,NA,NA,NA,NA,NA,NA,9236,-41
63.20,-1.003906,0.00,12419.00,NA,8353.00,8799.00,125.71,0.116,-111.00,59.00,278,152.01,40.81929500,-73.96658000,16,6,23,29,46.80,57465,NA,NA,NA,NA,NA,NA,NA,NA,NA,NA,NA,NA,NA,9217,-41
63.40,-0.988281,0.00,12419.00,NA,8331.00,8777.00,125.71,0.116,-111.00,59.00,278,152.01,40.81930000,-73.96662167,16,6,23,29,47.00,57485,NA,NA,NA,NA,NA,NA,NA,NA,NA,NA,NA,NA,NA,9199,-41
63.60,-0.988281,0.00,12419.00,NA,8309.00,8755.00,125.71,0.116,-111.00,59.00,278,152.01,40.81930500,-73.96666500,16,6,23,29,47.20,57505,NA,NA,NA,NA,NA,NA,NA,NA,NA,NA,NA,NA,NA,9182,-41
64.00,-1.003906,0.00,12419.00,NA,8265.00,8711.00,125.71,0.116,-111.00,59.00,278,152.01,40.81931333,-73.96675000,16,6,23,29,47.60,57545,NA,NA,NA,NA,NA,NA,NA,NA,NA,NA,NA,NA,NA,9146,-41
64.20,-1.003906,0.00,12419.00,NA,8243.00,8689.00,125.71,0.116,-111.00,59.00,278,152.01,40.81931833,-73.96679167,16,6,23,29,47.80,57565,NA,NA,NA,NA,NA,NA,NA,NA,NA,NA,NA,NA,NA,9129,-41
64.40,-1.003906,0.00,12419.00,NA,8221.00,8667.00,125.71,0.116,-111.00,59.00,278,152.01,40.81932167,-73.96683333,16,6,23,29,48.00,57585,NA,NA,NA,NA,NA,NA,NA,NA,NA,NA,NA,NA,NA,9111,-41
64.60,-0.988281,0.00,12419.00,NA,8199.00,8645.00,125.71,0.116,-111.00,59.00,278,152.01,40.81932667,-73.96687667,17,6,23,29,48.20,57605,NA,NA,NA,NA,NA,NA,NA,NA,NA,NA,NA,NA,NA,9089,-41
65.00,-0.988281,0.00,12419.00,NA,8154.00,8600.00,125.71,0.116,-111.00,59.00,278,152.01,40.81933667,-73.96696167,17,6,23,29,48.60,57645,NA,NA,NA,NA,NA,NA,NA,NA,NA,NA,NA,NA,NA,9053,-41
65.20,-0.988281,0.00,12419.00,NA,8132.00,8578.00,125.71,0.116,-111.00,59.00,278,152.01,40.81934000,-73.96700333,17,6,23,29,48.80,57665,NA,NA,NA,NA,NA,NA,NA,NA,NA,NA,NA,NA,NA,9036,-41
65.40,-0.988281,0.00,12419.00,NA,8110.00,8556.00,124.82,0.115,-110.00,59.00,278,151.79,40.81934500,-73.96704667,17,6,23,29,49.00,57685,NA,NA,NA,NA,NA,NA,NA,NA,NA,NA,NA,NA,NA,9018,-41
65.60,-0.988281,0.00,12419.00,NA,8088.00,8534.00,124.82,0.115,-110.00,59.00,278,151.79,40.81935000,-73.96708833,17,6,23,29,49.20,57705,NA,NA,NA,NA,NA,NA,NA,NA,NA,NA,NA,NA,NA,9001,-41
66.00,-0.988281,0.00,12419.00,NA,8044.00,8490.00,124.82,0.115,-110.00,59.00,278,151.79,40.81935833,-73.96717333,17,6,23,29,49.60,57745,NA,NA,NA,NA,NA,NA,NA,NA,NA,NA,NA,NA,NA,8966,-41
66.20,-1.003906,0.00,12419.00,NA,8022.00,8468.00,124.82,0.115,-110.00,59.00,278,151.79,40.81936333,-73.96721500,17,6,23,29,49.80,57765,NA,NA,NA,NA,NA,NA,NA,NA,NA,NA,NA,NA,NA,8949,-41
66.40,-1.003906,0.00,12419.00,NA,8000.00,8446.00,124.82,0.115,-110.00,59.00,278,151.79,40.81936667,-73.96725833,17,6,23,29,50.00,57785,NA,NA,NA,NA,NA,NA,NA,NA,NA,NA,NA,NA,NA,8931,-41
66.60,-1.003906,0.00,12419.00,NA,7978.00,8424.00,124.82,0.115,-110.00,59.00,278,151.79,40.81937167,-73.96730000,17,6,23,29,50.20,57805,NA,NA,NA,NA,NA,NA,NA,NA,NA,NA,NA,NA,NA,8914,-41
67.00,-0.988281,0.00,12419.00,NA,7934.00,8380.00,124.82,0.115,-110.00,59.00,278,151.79,40.81938167,-73.96738500,17,6,23,29,50.60,57845,NA,NA,NA,NA,NA,NA,NA,NA,NA,NA,NA,NA,NA,8880,-41
67.20,-1.003906,0.00,12419.00,NA,7912.00,8358.00,124.82,0.115,-110.00,59.00,278,151.79,40.81938500,-73.96742667,17,6,23,29,50.80,57865,NA,NA,NA,NA,NA,NA,NA,NA,NA,NA,NA,NA,NA,8863,-41
67.40,-1.003906,0.00,12419.00,NA,7890.00,8336.00,124.82,0.115,-110.00,59.00,278,151.79,40.81939000,-73.96747000,17,6,23,29,51.00,57885,NA,NA,NA,NA,NA,NA,NA,NA,NA,NA,NA,NA,NA,8845,-41
67.60,-1.003906,0.00,12419.00,NA,7868.00,8314.00,124.82,0.115,-110.00,59.00,278,151.79,40.81939500,-73.96751167,17,6,23,29,51.20,57905,NA,NA,NA,NA,NA,NA,NA,NA,NA,NA,NA,NA,NA,8828,-41
68.00,-0.988281,0.00,12419.00,NA,7825.00,8271.00,124.82,0.115,-110.00,59.00,278,151.79,40.81940333,-73.96759667,17,6,23,29,51.60,57945,NA,NA,NA,NA,NA,NA,NA,NA,NA,NA,NA,NA,NA,8795,-41
68.20,-1.003906,0.00,12419.00,NA,7803.00,8249.00,124.82,0.115,-110.00,59.00,278,151.79,40.81940833,-73.96763833,17,6,23,29,51.80,57965,NA,NA,NA,NA,NA,NA,NA,NA,NA,NA,NA,NA,NA,8778,-41
68.40,-0.988281,0.00,12419.00,NA,7781.00,8227.00,124.82,0.115,-110.00,59.00,278,151.79,40.81941167,-73.96768167,17,6,23,29,52.00,57985,NA,NA,NA,NA,NA,NA,NA,NA,NA,NA,NA,NA,NA,8761,-41
68.60,-0.988281,0.00,12419.00,NA,7759.00,8205.00,124.82,0.115,-110.00,59.00,278,151.79,40.81941667,-73.96772333,17,6,23,29,52.20,58005,NA,NA,NA,NA,NA,NA,NA,NA,NA,NA,NA,NA,NA,8744,-41
69.00,-0.988281,0.00,12419.00,NA,7715.00,8161.00,124.82,0.115,-110.00,59.00,278,151.79,40.81942667,-73.96780833,17,6,23,29,52.60,58045,NA,NA,NA,NA,NA,NA,NA,NA,NA,NA,NA,NA,NA,8711,-41
69.20,-1.003906,0.00,12419.00,NA,7693.00,8139.00,124.82,0.115,-110.00,59.00,278,151.79,40.81943000,-73.96785000,16,6,23,29,52.80,58065,NA,NA,NA,NA,NA,NA,NA,NA,NA,NA,NA,NA,NA,8694,-41
69.40,-1.003906,0.00,12419.00,NA,7671.00,8117.00,124.82,0.115,-110.00,59.00,278,151.79,40.81943500,-73.96789333,16,6,23,29,53.00,58085,NA,NA,NA,NA,NA,NA,NA,NA,NA,NA,NA,NA,NA,8678,-41
69.60,-0.988281,0.00,12419.00,NA,7649.00,8095.00,124.82,0.115,-110.00,59.00,278,151.79,40.81944000,-73.96793500,16,6,23,29,53.20,58105,NA,NA,NA,NA,NA,NA,NA,NA,NA,NA,NA,NA,NA,8661,-41
70.00,-0.988281,0.00,12419.00,NA,7605.00,8051.00,124.82,0.115,-110.00,59.00,278,151.79,40.81944833,-73.96802000,16,6,23,29,53.60,58145,NA,NA,NA,NA,NA,NA,NA,NA,NA,NA,NA,NA,NA,8628,-41
70.20,-1.003906,0.00,12419.00,NA,7583.00,8029.00,124.82,0.115,-110.00,59.00,278,151.79,40.81945333,-73.96806167,16,6,23,29,53.80,58165,NA,NA,NA,NA,NA,NA,NA,NA,NA,NA,NA,NA,NA,8611,-41
70.40,-1.003906,0.00,12419.00,NA,7562.00,8008.00,124.82,0.115,-110.00,59.00,278,151.79,40.81945667,-73.96810500,16,6,23,29,54.00,58185,NA,NA,NA,NA,NA,NA,NA,NA,NA,NA,NA,NA,NA,8595,-41
70.60,-1.003906,0.00,12419.00,NA,7540.00,7986.00,124.82,0.115,-110.00,59.00,278,151.79,40.81946167,-73.96814667,16,6,23,29,54.20,58205,NA,NA,NA,NA,NA,NA,NA,NA,NA,NA,NA,NA,NA,8579,-41
71.00,-1.003906,0.00,12419.00,NA,7496.00,7942.00,123.94,0.114,-109.00,59.00,278,151.57,40.81947167,-73.96823167,16,6,23,29,54.60,58245,NA,NA,NA,NA,NA,NA,NA,NA,NA,NA,NA,NA,NA,8546,-41
71.20,-1.019531,0.00,12419.00,NA,7474.00,7920.00,123.94,0.114,-109.00,59.00,278,151.57,40.81947500,-73.96827333,16,6,23,29,54.80,58265,NA,NA,NA,NA,NA,NA,NA,NA,NA,NA,NA,NA,NA,8530,-41
71.40,-1.003906,0.00,12419.00,NA,7453.00,7899.00,123.94,0.114,-109.00,59.00,278,151.57,40.81948000,-73.96831667,15,6,23,29,55.00,58285,NA,NA,NA,NA,NA,NA,NA,NA,NA,NA,NA,NA,NA,8515,-41
71.60,-0.988281,0.00,12419.00,NA,7431.00,7877.00,123.94,0.114,-109.00,59.00,278,151.57,40.81948500,-73.96835833,15,6,23,29,55.20,58305,NA,NA,NA,NA,NA,NA,NA,NA,NA,NA,NA,NA,NA,8498,-41
72.00,-1.019531,0.00,12419.00,NA,7387.00,7833.00,123.94,0.114,-109.00,59.00,278,151.57,40.81949333,-73.96844333,15,6,23,29,55.60,58345,NA,NA,NA,NA,NA,NA,NA,NA,NA,NA,NA,NA,NA,8466,-41
72.20,-0.972656,0.00,12419.00,NA,7365.00,7811.00,123.94,0.114,-109.00,59.00,278,151.57,40.81949833,-73.96848500,15,6,23,29,55.80,58365,NA,NA,NA,NA,NA,NA,NA,NA,NA,NA,NA,NA,NA,8450,-41
72.40,-0.988281,0.00,12419.00,NA,7344.00,7790.00,123.94,0.114,-109.00,59.00,278,151.57,40.81950167,-73.96852833,15,6,23,29,56.00,58385,NA,NA,NA,NA,NA,NA,NA,NA,NA,NA,NA,NA,NA,8434,-41
72.60,-0.988281,0.00,12419.00,NA,7322.00,7768.00,123.94,0.114,-109.00,59.00,278,151.57,40.81950667,-73.96857000,15,6,23,29,56.20,58405,NA,NA,NA,NA,NA,NA,NA,NA,NA,NA,NA,NA,NA,8418,-41
73.00,-0.988281,0.00,12419.00,NA,7278.00,7724.00,123.94,0.114,-109.00,59.00,278,151.57,40.81951500,-73.96865500,15,6,23,29,56.60,58445,NA,NA,NA,NA,NA,NA,NA,NA,NA,NA,NA,NA,NA,8386,-41
73.20,-1.003906,0.00,12419.00,NA,7256.00,7702.00,123.94,0.114,-109.00,59.00,278,151.57,40.81952000,-73.96869667,15,6,23,29,56.80,58465,NA,NA,NA,NA,NA,NA,NA,NA,NA,NA,NA,NA,NA,8371,-41
73.40,-0.988281,0.00,12419.00,NA,7235.00,7681.00,123.94,0.114,-109.00,59.00,278,151.57,40.81952500,-73.96874000,15,6,23,29,57.00,58485,NA,NA,NA,NA,NA,NA,NA,NA,NA,NA,NA,NA,NA,8355,-41
73.60,-1.035156,0.00,12419.00,NA,7213.00,7659.00,123.94,0.114,-109.00,59.00,278,151.57,40.81953000,-73.96878167,15,6,23,29,57.20,58505,NA,NA,NA,NA,NA,NA,NA,NA,NA,NA,NA,NA,NA,8340,-40
74.00,-0.988281,0.00,12419.00,NA,7169.00,7615.00,123.94,0.114,-109.00,59.00,278,151.57,40.81953833,-73.96886667,15,6,23,29,57.60,58545,NA,NA,NA,NA,NA,NA,NA,NA,NA,NA,NA,NA,NA,8308,-41
74.20,-0.988281,0.00,12419.00,NA,7148.00,7594.00,123.94,0.114,-109.00,59.00,278,151.57,40.81954333,-73.96890833,15,6,23,29,57.80,58565,NA,NA,NA,NA,NA,NA,NA,NA,NA,NA,NA,NA,NA,8293,-41
74.40,-0.988281,0.00,12419.00,NA,7126.00,7572.00,123.94,0.114,-109.00,59.00,278,151.57,40.81954667,-73.96895167,15,6,23,29,58.00,58585,NA,NA,NA,NA,NA,NA,NA,NA,NA,NA,NA,NA,NA,8278,-41
74.60,-0.988281,0.00,12419.00,NA,7104.00,7550.00,123.94,0.114,-109.00,59.00,278,151.57,40.81955167,-73.96899333,15,6,23,29,58.20,58605,NA,NA,NA,NA,NA,NA,NA,NA,NA,NA,NA,NA,NA,8263,-41
75.00,-0.988281,0.00,12419.00,NA,7061.00,7507.00,123.94,0.114,-109.00,59.00,278,151.57,40.81956000,-73.96907833,16,6,23,29,58.60,58645,NA,NA,NA,NA,NA,NA,NA,NA,NA,NA,NA,NA,NA,8233,-41
75.20,-1.019531,0.00,12419.00,NA,7039.00,7485.00,123.94,0.114,-109.00,59.00,278,151.57,40.81956500,-73.96912000,16,6,23,29,58.80,58665,NA,NA,NA,NA,NA,NA,NA,NA,NA,NA,NA,NA,NA,8217,-41
75.40,-1.003906,0.00,12419.00,NA,7017.00,7463.00,123.94,0.114,-109.00,59.00,278,151.57,40.81957000,-73.96916333,16,6,23,29,59.00,58685,NA,NA,NA,NA,NA,NA,NA,NA,NA,NA,NA,NA,NA,8202,-41
75.60,-0.972656,0.00,12419.00,NA,6996.00,7442.00,123.94,0.114,-109.00,59.00,278,151.57,40.81957500,-73.96920500,16,6,23,29,59.20,58705,NA,NA,NA,NA,NA,NA,NA,NA,NA,NA,NA,NA,NA,8188,-41
76.00,-1.003906,0.00,12419.00,NA,6952.00,7398.00,123.94,0.114,-109.00,59.00,278,151.57,40.81958333,-73.96929000,16,6,23,29,59.60,58745,NA,NA,NA,NA,NA,NA,NA,NA,NA,NA,NA,NA,NA,8157,-41
76.20,-1.019531,0.00,12419.00,NA,6931.00,7377.00,123.07,0.113,-108.00,59.00,278,151.35,40.81958833,-73.96933167,16,6,23,29,59.80,58765,NA,NA,NA,NA,NA,NA,NA,NA,NA,NA,NA,NA,NA,8143,-41
76.40,-1.003906,0.00,12419.00,NA,6909.00,7355.00,123.07,0.113,-108.00,59.00,278,151.35,40.81959167,-73.96937500,16,6,23,30,0.00,58785,NA,NA,NA,NA,NA,NA,NA,NA,NA,NA,NA,NA,NA,8127,-41
76.60,-1.003906,0.00,12419.00,NA,6887.00,7333.00,123.07,0.113,-108.00,59.00,278,151.35,40.81959667,-73.96941667,15,6,23,30,0.20,58805,NA,NA,NA,NA,NA,NA,NA,NA,NA,NA,NA,NA,NA,8112,-41
77.00,-1.003906,0.00,12419.00,NA,6844.00,7290.00,123.07,0.113,-108.00,59.00,278,151.35,40.81960500,-73.96950167,15,6,23,30,0.60,58845,NA,NA,NA,NA,NA,NA,NA,NA,NA,NA,NA,NA,NA,8083,-41
77.20,-0.988281,0.00,12419.00,NA,6823.00,7269.00,123.07,0.113,-108.00,59.00,278,151.35,40.81961000,-73.96954500,15,6,23,30,0.80,58865,NA,NA,NA,NA,NA,NA,NA,NA,NA,NA,NA,NA,NA,8069,-41
77.40,-1.035156,0.00,12419.00,NA,6801.00,7247.00,123.07,0.113,-108.00,59.00,278,151.35,40.81961500,-73.96958667,15,6,23,30,1.00,58885,NA,NA,NA,NA,NA,NA,NA,NA,NA,NA,NA,NA,NA,8054,-41
77.60,-0.988281,0.00,12419.00,NA,6779.00,7225.00,123.07,0.113,-108.00,59.00,278,151.35,40.81962000,-73.96962833,15,6,23,30,1.20,58905,NA,NA,NA,NA,NA,NA,NA,NA,NA,NA,NA,NA,NA,8040,-41
78.00,-1.019531,0.00,12419.00,NA,6736.00,7182.00,123.07,0.113,-108.00,59.00,278,151.35,40.81962833,-73.96971333,15,6,23,30,1.60,58945,NA,NA,NA,NA,NA,NA,NA,NA,NA,NA,NA,NA,NA,8011,-41
78.20,-1.019531,0.00,12419.00,NA,6715.00,7161.00,123.07,0.113,-108.00,59.00,278,151.35,40.81963333,-73.96975667,15,6,23,30,1.80,58965,NA,NA,NA,NA,NA,NA,NA,NA,NA,NA,NA,NA,NA,7997,-41
78.40,-1.019531,0.00,12419.00,NA,6693.00,7139.00,123.07,0.113,-108.00,59.00,278,151.35,40.81963667,-73.96979833,15,6,23,30,2.00,58985,NA,NA,NA,NA,NA,NA,NA,NA,NA,NA,NA,NA,NA,7982,-41
78.60,-0.988281,0.00,12419.00,NA,6672.00,7118.00,123.07,0.113,-108.00,59.00,278,151.35,40.81964167,-73.96984000,15,6,23,30,2.20,59005,NA,NA,NA,NA,NA,NA,NA,NA,NA,NA,NA,NA,NA,7968,-41
79.00,-0.988281,0.00,12419.00,NA,6628.00,7074.00,123.07,0.113,-108.00,59.00,278,151.35,40.81965000,-73.96992500,15,6,23,30,2.60,59045,NA,NA,NA,NA,NA,NA,NA,NA,NA,NA,NA,NA,NA,7939,-41
79.20,-0.972656,0.00,12419.00,NA,6607.00,7053.00,123.07,0.113,-108.00,59.00,278,151.35,40.81965500,-73.96996833,16,6,23,30,2.80,59065,NA,NA,NA,NA,NA,NA,NA,NA,NA,NA,NA,NA,NA,7926,-41
79.40,-0.988281,0.00,12419.00,NA,6585.00,7031.00,123.07,0.113,-108.00,59.00,278,151.35,40.81966000,-73.97001000,15,6,23,30,3.00,59085,NA,NA,NA,NA,NA,NA,NA,NA,NA,NA,NA,NA,NA,7912,-41
79.60,-0.988281,0.00,12419.00,NA,6564.00,7010.00,123.07,0.113,-108.00,59.00,278,151.35,40.81966500,-73.97005167,15,6,23,30,3.20,59105,NA,NA,NA,NA,NA,NA,NA,NA,NA,NA,NA,NA,NA,7898,-41
80.00,-0.988281,0.00,12419.00,NA,6521.00,6967.00,123.07,0.113,-108.00,59.00,278,151.35,40.81967333,-73.97013667,14,6,23,30,3.60,59145,NA,NA,NA,NA,NA,NA,NA,NA,NA,NA,NA,NA,NA,7870,-41
80.20,-1.019531,0.00,12419.00,NA,6499.00,6945.00,123.07,0.113,-108.00,59.00,278,151.35,40.81967833,-73.97018000,16,6,23,30,3.80,59165,NA,NA,NA,NA,NA,NA,NA,NA,NA,NA,NA,NA,NA,7856,-41
80.40,-0.988281,0.00,12419.00,NA,6477.00,6923.00,123.07,0.113,-108.00,59.00,278,151.35,40.81968167,-73.97022167,15,6,23,30,4.00,59185,NA,NA,NA,NA,NA,NA,NA,NA,NA,NA,NA,NA,NA,7842,-41
80.60,-1.003906,0.00,12419.00,NA,6456.00,6902.00,123.07,0.113,-108.00,59.00,278,151.35,40.81968667,-73.97026333,15,6,23,30,4.20,59205,NA,NA,NA,NA,NA,NA,NA,NA,NA,NA,NA,NA,NA,7829,-41
81.00,-1.003906,0.00,12419.00,NA,6413.00,6859.00,123.07,0.113,-108.00,59.00,278,151.35,40.81969500,-73.97034833,15,6,23,30,4.60,59245,NA,NA,NA,NA,NA,NA,NA,NA,NA,NA,NA,NA,NA,7802,-41
81.20,-1.003906,0.00,12419.00,NA,6391.00,6837.00,123.07,0.113,-108.00,59.00,278,151.35,40.81970000,-73.97039167,15,6,23,30,4.80,59265,NA,NA,NA,NA,NA,NA,NA,NA,NA,NA,NA,NA,NA,7788,-41
81.40,-1.003906,0.00,12419.00,NA,6370.00,6816.00,123.07,0.113,-108.00,59.00,278,151.35,40.81970500,-73.97043333,15,6,23,30,5.00,59285,NA,NA,NA,NA,NA,NA,NA,NA,NA,NA,NA,NA,NA,7775,-41
81.60,-1.003906,0.00,12419.00,NA,6349.00,6795.00,123.07,0.113,-108.00,59.00,278,151.35,40.81970833,-73.97047500,15,6,23,30,5.20,59305,NA,NA,NA,NA,NA,NA,NA,NA,NA,NA,NA,NA,NA,7762,-41
82.00,-1.003906,0.00,12419.00,NA,6306.00,6752.00,122.19,0.112,-107.00,59.00,278,151.13,40.81971833,-73.97056000,15,6,23,30,5.60,59345,NA,NA,NA,NA,NA,NA,NA,NA,NA,NA,NA,NA,NA,7735,-41
82.20,-0.988281,0.00,12419.00,NA,6284.00,6730.00,122.19,0.112,-107.00,59.00,278,151.13,40.81972333,-73.97060333,15,6,23,30,5.80,59365,NA,NA,NA,NA,NA,NA,NA,NA,NA,NA,NA,NA,NA,7722,-41
82.40,-0.988281,0.00,12419.00,NA,6263.00,6709.00,122.19,0.112,-107.00,59.00,278,151.13,40.81972667,-73.97064500,15,6,23,30,6.00,59385,NA,NA,NA,NA,NA,NA,NA,NA,NA,NA,NA,NA,NA,7709,-41
82.60,-1.003906,0.00,12419.00,NA,6242.00,6688.00,122.19,0.112,-107.00,59.00,278,151.13,40.81973167,-73.97068833,15,6,23,30,6.20,59405,NA,NA,NA,NA,NA,NA,NA,NA,NA,NA,NA,NA,NA,7696,-41
83.00,-0.988281,0.00,12419.00,NA,6199.00,6645.00,122.19,0.112,-107.00,59.00,278,151.13,40.81974000,-73.97077167,15,6,23,30,6.60,59445,NA,NA,NA,NA,NA,NA,NA,NA,NA,NA,NA,NA,NA,7670,-41
83.20,-1.019531,0.00,12419.00,NA,6177.00,6623.00,122.19,0.112,-107.00,59.00,278,151.13,40.81974500,-73.97081500,14,6,23,30,6.80,59465,NA,NA,NA,NA,NA,NA,NA,NA,NA,NA,NA,NA,NA,7657,-41
83.40,-1.003906,0.00,12419.00,NA,6156.00,6602.00,122.19,0.112,-107.00,59.00,278,151.13,40.81975000,-73.97085667,14,6,23,30,7.00,59485,NA,NA,NA,NA,NA,NA,NA,NA,NA,NA,NA,NA,NA,7644,-41
83.60,-0.988281,0.00,12419.00,NA,6135.00,6581.00,122.19,0.112,-107.00,59.00,278,151.13,40.81975333,-73.97090000,14,6,23,30,7.20,59505,NA,NA,NA,NA,NA,NA,NA,NA,NA,NA,NA,NA,NA,7632,-41
84.00,-0.988281,0.00,12419.00,NA,6092.00,6538.00,122.19,0.112,-107.00,59.00,278,151.13,40.81976333,-73.97098333,14,6,23,30,7.60,59545,NA,NA,NA,NA,NA,NA,NA,NA,NA,NA,NA,NA,NA,7606,-41
84.20,-0.988281,0.00,12419.00,NA,6070.00,6516.00,122.19,0.112,-107.00,59.00,278,151.13,40.81976833,-73.97102667,14,6,23,30,7.80,59565,NA,NA,NA,NA,NA,NA,NA,NA,NA,NA,NA,NA,NA,7593,-41
84.40,-1.003906,0.00,12419.00,NA,6049.00,6495.00,122.19,0.112,-107.00,59.00,278,151.13,40.81977167,-73.97106833,14,6,23,30,8.00,59585,NA,NA,NA,NA,NA,NA,NA,NA,NA,NA,NA,NA,NA,7581,-41
84.60,-0.972656,0.00,12419.00,NA,6028.00,6474.00,122.19,0.112,-107.00,59.00,278,151.13,40.81977667,-73.97111167,15,6,23,30,8.20,59605,NA,NA,NA,NA,NA,NA,NA,NA,NA,NA,NA,NA,NA,7569,-41
85.00,-1.019531,0.00,12419.00,NA,5985.00,6431.00,122.19,0.112,-107.00,59.00,278,151.13,40.81978500,-73.97119500,15,6,23,30,8.60,59645,NA,NA,NA,NA,NA,NA,NA,NA,NA,NA,NA,NA,NA,7544,-41
85.20,-1.003906,0.00,12419.00,NA,5963.00,6409.00,122.19,0.112,-107.00,59.00,278,151.13,40.81979000,-73.97123833,15,6,23,30,8.80,59665,NA,NA,NA,NA,NA,NA,NA,NA,NA,NA,NA,NA,NA,7531,-41
85.40,-1.003906,0.00,12419.00,NA,5942.00,6388.00,122.19,0.112,-107.00,59.00,278,151.13,40.81979500,-73.97128000,15,6,23,30,9.00,59685,NA,NA,NA,NA,NA,NA,NA,NA,NA,NA,NA,NA,NA,7519,-41
85.60,-0.972656,0.00,12419.00,NA,5921.00,6367.00,122.19,0.112,-107.00,59.00,278,151.13,40.81979833,-73.97132333,15,6,23,30,9.20,59705,NA,NA,NA,NA,NA,NA,NA,NA,NA,NA,NA,NA,NA,7507,-41
86.00,-1.003906,0.00,12419.00,NA,5878.00,6324.00,122.19,0.112,-107.00,59.00,278,151.13,40.81980833,-73.97140667,16,6,23,30,9.60,59745,NA,NA,NA,NA,NA,NA,NA,NA,NA,NA,NA,NA,NA,7483,-41
86.20,-1.003906,0.00,12419.00,NA,5857.00,6303.00,122.19,0.112,-107.00,59.00,278,151.13,40.81981333,-73.97145000,17,6,23,30,9.80,59765,NA,NA,NA,NA,NA,NA,NA,NA,NA,NA,NA,NA,NA,7472,-41
86.40,-0.988281,0.00,12419.00,NA,5835.00,6281.00,122.19,0.112,-107.00,59.00,278,151.13,40.81981667,-73.97149167,16,6,23,30,10.00,59785,NA,NA,NA,NA,NA,NA,NA,NA,NA,NA,NA,NA,NA,7459,-41
86.60,-1.003906,0.00,12419.00,NA,5814.00,6260.00,122.19,0.112,-107.00,59.00,278,151.13,40.81982167,-73.97153500,15,6,23,30,10.20,59805,NA,NA,NA,NA,NA,NA,NA,NA,NA,NA,NA,NA,NA,7448,-41
87.00,-1.003906,0.00,12419.00,NA,5772.00,6218.00,122.19,0.112,-107.00,59.00,278,151.13,40.81983000,-73.97161833,15,6,23,30,10.60,59845,NA,NA,NA,NA,NA,NA,NA,NA,NA,NA,NA,NA,NA,7424,-41
87.20,-0.988281,0.00,12419.00,NA,5750.00,6196.00,122.19,0.112,-107.00,59.00,278,151.13,40.81983500,-73.97166167,15,6,23,30,10.80,59865,NA,NA,NA,NA,NA,NA,NA,NA,NA,NA,NA,NA,NA,7412,-41
87.40,-0.972656,0.00,12419.00,NA,5729.00,6175.00,122.19,0.112,-107.00,59.00,278,151.13,40.81984000,-73.97170333,15,6,23,30,11.00,59885,NA,NA,NA,NA,NA,NA,NA,NA,NA,NA,NA,NA,NA,7401,-41
87.60,-1.003906,0.00,12419.00,NA,5708.00,6154.00,122.19,0.112,-107.00,59.00,278,151.13,40.81984333,-73.97174667,15,6,23,30,11.20,59905,NA,NA,NA,NA,NA,NA,NA,NA,NA,NA,NA,NA,NA,7390,-41
88.00,-0.988281,0.00,12419.00,NA,5665.00,6111.00,121.31,0.111,-106.00,59.00,278,150.90,40.81985333,-73.97183000,15,6,23,30,11.60,59945,NA,NA,NA,NA,NA,NA,NA,NA,NA,NA,NA,NA,NA,7370,-41
88.20,-1.003906,0.00,12419.00,NA,5644.00,6090.00,121.31,0.111,-106.00,59.00,278,150.90,40.81985833,-73.97187333,15,6,23,30,11.80,59965,NA,NA,NA,NA,NA,NA,NA,NA,NA,NA,NA,NA,NA,7359,-41
88.40,-0.988281,0.00,12419.00,NA,5623.00,6069.00,121.31,0.111,-106.00,59.00,278,150.90,40.81986167,-73.97191500,15,6,23,30,12.00,59985,NA,NA,NA,NA,NA,NA,NA,NA,NA,NA,NA,NA,NA,7350,-41
88.60,-1.003906,0.00,12419.00,NA,5602.00,6048.00,121.31,0.111,-106.00,59.00,278,150.90,40.81986667,-73.97195833,15,6,23,30,12.20,60005,NA,NA,NA,NA,NA,NA,NA,NA,NA,NA,NA,NA,NA,7340,-41
89.00,-0.988281,0.00,12419.00,NA,5559.00,6005.00,121.31,0.111,-106.00,59.00,278,150.90,40.81987500,-73.97204333,14,6,23,30,12.60,60045,NA,NA,NA,NA,NA,NA,NA,NA,NA,NA,NA,NA,NA,7317,-41
89.20,-1.003906,0.00,12419.00,NA,5538.00,5984.00,121.31,0.111,-106.00,59.00,278,150.90,40.81988000,-73.97208500,15,6,23,30,12.80,60065,NA,NA,NA,NA,NA,NA,NA,NA,NA,NA,NA,NA,NA,7307,-41
89.40,-1.003906,0.00,12419.00,NA,5517.00,5963.00,121.31,0.111,-106.00,59.00,278,150.90,40.81988500,-73.97212667,14,6,23,30,13.00,60085,NA,NA,NA,NA,NA,NA,NA,NA,NA,NA,NA,NA,NA,7295,-41
89.60,-0.988281,0.00,12419.00,NA,5496.00,5942.00,121.31,0.111,-106.00,59.00,278,150.90,40.81988833,-73.97217000,14,6,23,30,13.20,60105,NA,NA,NA,NA,NA,NA,NA,NA,NA,NA,NA,NA,NA,7284,-41
90.00,-0.988281,0.00,12419.00,NA,5453.00,5899.00,121.31,0.111,-106.00,59.00,278,150.90,40.81989833,-73.97225500,13,6,23,30,13.60,60145,NA,NA,NA,NA,NA,NA,NA,NA,NA,NA,NA,NA,NA,7263,-41
90.20,-1.019531,0.00,12419.00,NA,5432.00,5878.00,121.31,0.111,-106.00,59.00,278,150.90,40.81990333,-73.97229667,13,6,23,30,13.80,60165,NA,NA,NA,NA,NA,NA,NA,NA,NA,NA,NA,NA,NA,7252,-53
90.40,-1.019531,0.00,12419.00,NA,5411.00,5857.00,121.31,0.111,-106.00,59.00,278,150.90,40.81990667,-73.97233833,13,6,23,30,14.00,60185,NA,NA,NA,NA,NA,NA,NA,NA,NA,NA,NA,NA,NA,7244,-41
90.60,-0.988281,0.00,12419.00,NA,5390.00,5836.00,121.31,0.111,-106.00,59.00,278,150.90,40.81991167,-73.97238167,13,6,23,30,14.20,60205,NA,NA,NA,NA,NA,NA,NA,NA,NA,NA,NA,NA,NA,7234,-41
91.00,-0.988281,0.00,12419.00,NA,5347.00,5793.00,121.31,0.111,-106.00,59.00,278,150.90,40.81992000,-73.97246667,15,6,23,30,14.60,60245,NA,NA,NA,NA,NA,NA,NA,NA,NA,NA,NA,NA,NA,7212,-41
91.20,-0.988281,0.00,12419.00,NA,5326.00,5772.00,121.31,0.111,-106.00,59.00,278,150.90,40.81992500,-73.97250833,15,6,23,30,14.80,60265,NA,NA,NA,NA,NA,NA,NA,NA,NA,NA,NA,NA,NA,7202,-41
91.40,-1.019531,0.00,12419.00,NA,5305.00,5751.00,121.31,0.111,-106.00,59.00,278,150.90,40.81993000,-73.97255000,15,6,23,30,15.00,60285,NA,NA,NA,NA,NA,NA,NA,NA,NA,NA,NA,NA,NA,7194,-41
91.60,-1.019531,0.00,12419.00,NA,5284.00,5730.00,121.31,0.111,-106.00,59.00,278,150.90,40.81993333,-73.97259333,15,6,23,30,15.20,60305,NA,NA,NA,NA,NA,NA,NA,NA,NA,NA,NA,NA,NA,7184,-41
92.00,-1.019531,0.00,12419.00,NA,5242.00,5688.00,121.31,0.111,-106.00,59.00,278,150.90,40.81994333,-73.97267833,15,6,23,30,15.60,60345,NA,NA,NA,NA,NA,NA,NA,NA,NA,NA,NA,NA,NA,7165,-41
92.20,-0.988281,0.00,12419.00,NA,5220.00,5666.00,121.31,0.111,-106.00,59.00,278,150.90,40.81994667,-73.97272000,15,6,23,30,15.80,60365,NA,NA,NA,NA,NA,NA,NA,NA,NA,NA,NA,NA,NA,7154,-41
92.40,-1.019531,0.00,12419.00,NA,5199.00,5645.00,121.31,0.111,-106.00,59.00,278,150.90,40.81995167,-73.97276167,15,6,23,30,16.00,60385,NA,NA,NA,NA,NA,NA,NA,NA,NA,NA,NA,NA,NA,7146,-41
92.60,-0.988281,0.00,12419.00,NA,5178.00,5624.00,121.31,0.111,-106.00,59.00,278,150.90,40.81995667,-73.97280500,15,6,23,30,16.20,60405,NA,NA,NA,NA,NA,NA,NA,NA,NA,NA,NA,NA,NA,7136,-41
93.00,-1.003906,0.00,12419.00,NA,5136.00,5582.00,121.31,0.111,-106.00,59.00,278,150.90,40.81996500,-73.97289000,16,6,23,30,16.60,60445,NA,NA,NA,NA,NA,NA,NA,NA,NA,NA,NA,NA,NA,7117,-41
93.20,-0.988281,0.00,12419.00,NA,5115.00,5561.00,121.31,0.111,-106.00,59.00,278,150.90,40.81997000,-73.97293167,16,6,23,30,16.80,60465,NA,NA,NA,NA,NA,NA,NA,NA,NA,NA,NA,NA,NA,7108,-41
93.40,-0.988281,0.00,12419.00,NA,5094.00,5540.00,121.31,0.111,-106.00,59.00,278,150.90,40.81997500,-73.97297333,16,6,23,30,17.00,60485,NA,NA,NA,NA,NA,NA,NA,NA,NA,NA,NA,NA,NA,7098,-41
93.60,-1.003906,0.00,12419.00,NA,5073.00,5519.00,121.31,0.111,-106.00,59.00,278,150.90,40.81997833,-73.97301667,16,6,23,30,17.20,60505,NA,NA,NA,NA,NA,NA,NA,NA,NA,NA,NA,NA,NA,7089,-41
94.00,-1.003906,0.00,12419.00,NA,5031.00,5477.00,120.44,0.110,-105.00,59.00,278,150.67,40.81998833,-73.97310167,16,6,23,30,17.60,60545,NA,NA,NA,NA,NA,NA,NA,NA,NA,NA,NA,NA,NA,7071,-41
94.20,-1.003906,0.00,12419.00,NA,5010.00,5456.00,120.44,0.110,-105.00,59.00,278,150.67,40.81999167,-73.97314333,16,6,23,30,17.80,60565,NA,NA,NA,NA,NA,NA,NA,NA,NA,NA,NA,NA,NA,7061,-41
94.45,-1.003906,0.00,12419.00,NA,4983.00,5429.00,120.44,0.110,-105.00,59.00,278,150.67,40.81999833,-73.97319667,16,6,23,30,18.00,60590,NA,NA,NA,NA,NA,NA,NA,NA,NA,NA,NA,NA,NA,7050,-41
94.60,-1.003906,0.00,12419.00,NA,4968.00,5414.00,120.44,0.110,-105.00,59.00,278,150.67,40.82000167,-73.97322833,16,6,23,30,18.20,60605,NA,NA,NA,NA,NA,NA,NA,NA,NA,NA,NA,NA,NA,7044,-41
95.00,-1.003906,0.00,12419.00,NA,4926.00,5372.00,120.44,0.110,-105.00,59.00,278,150.67,40.82001000,-73.97331333,16,6,23,30,18.60,60645,NA,NA,NA,NA,NA,NA,NA,NA,NA,NA,NA,NA,NA,7026,-41
95.20,-0.988281,0.00,12419.00,NA,4905.00,5351.00,120.44,0.110,-105.00,59.00,278,150.67,40.82001500,-73.97335500,16,6,23,30,18.80,60665,NA,NA,NA,NA,NA,NA,NA,NA,NA,NA,NA,NA,NA,7018,-41
95.40,-1.003906,0.00,12419.00,NA,4884.00,5330.00,120.44,0.110,-105.00,59.00,278,150.67,40.82002000,-73.97339833,15,6,23,30,19.00,60685,NA,NA,NA,NA,NA,NA,NA,NA,NA,NA,NA,NA,NA,7009,-41
95.60,-0.988281,0.00,12419.00,NA,4863.00,5309.00,120.44,0.110,-105.00,59.00,278,150.67,40.82002333,-73.97344000,15,6,23,30,19.20,60705,NA,NA,NA,NA,NA,NA,NA,NA,NA,NA,NA,NA,NA,7000,-41
96.00,-1.003906,0.00,12419.00,NA,4821.00,5267.00,120.44,0.110,-105.00,59.00,278,150.67,40.82003333,-73.97352500,16,6,23,30,19.60,60745,NA,NA,NA,NA,NA,NA,NA,NA,NA,NA,NA,NA,NA,6984,-41
96.20,-1.003906,0.00,12419.00,NA,4800.00,5246.00,120.44,0.110,-105.00,59.00,278,150.67,40.82003667,-73.97356667,16,6,23,30,19.80,60765,NA,NA,NA,NA,NA,NA,NA,NA,NA,NA,NA,NA,NA,6975,-41
96.40,-0.972656,0.00,12419.00,NA,4779.00,5225.00,120.44,0.110,-105.00,59.00,278,150.67,40.82004167,-73.97361000,16,6,23,30,20.00,60785,NA,NA,NA,NA,NA,NA,NA,NA,NA,NA,NA,NA,NA,6967,-41
96.60,-1.003906,0.00,12419.00,NA,4758.00,5204.00,120.44,0.110,-105.00,59.00,278,150.67,40.82004667,-73.97365167,16,6,23,30,20.20,60805,NA,NA,NA,NA,NA,NA,NA,NA,NA,NA,NA,NA,NA,6959,-41
97.00,-0.988281,0.00,12419.00,NA,4716.00,5162.00,120.44,0.110,-105.00,59.00,278,150.67,40.82005500,-73.97373667,14,6,23,30,20.60,60845,NA,NA,NA,NA,NA,NA,NA,NA,NA,NA,NA,NA,NA,6943,-41
97.20,-0.988281,0.00,12419.00,NA,4695.00,5141.00,120.44,0.110,-105.00,59.00,278,150.67,40.82006000,-73.97377833,14,6,23,30,20.80,60865,NA,NA,NA,NA,NA,NA,NA,NA,NA,NA,NA,NA,NA,6935,-41
97.40,-0.988281,0.00,12419.00,NA,4674.00,5120.00,120.44,0.110,-105.00,59.00,278,150.67,40.82006500,-73.97382167,14,6,23,30,21.00,60885,NA,NA,NA,NA,NA,NA,NA,NA,NA,NA,NA,NA,NA,6927,-41
97.60,-1.003906,0.00,12419.00,NA,4653.00,5099.00,120.44,0.110,-105.00,59.00,278,150.67,40.82006833,-73.97386333,14,6,23,30,21.20,60905,NA,NA,NA,NA,NA,NA,NA,NA,NA,NA,NA,NA,NA,6919,-41
98.00,-1.003906,0.00,12419.00,NA,4611.00,5057.00,120.44,0.110,-105.00,59.00,278,150.67,40.82007833,-73.97394833,14,6,23,30,21.60,60945,NA,NA,NA,NA,NA,NA,NA,NA,NA,NA,NA,NA,NA,6904,-41
98.20,-1.003906,0.00,12419.00,NA,4590.00,5036.00,120.44,0.110,-105.00,59.00,278,150.67,40.82008167,-73.97399000,14,6,23,30,21.80,60965,NA,NA,NA,NA,NA,NA,NA,NA,NA,NA,NA,NA,NA,6896,-41
98.40,-0.988281,0.00,12419.00,NA,4569.00,5015.00,120.44,0.110,-105.00,59.00,278,150.67,40.82008667,-73.97403333,14,6,23,30,22.00,60985,NA,NA,NA,NA,NA,NA,NA,NA,NA,NA,NA,NA,NA,6889,-41
98.65,-0.988281,0.00,12419.00,NA,4543.00,4989.00,120.44,0.110,-105.00,59.00,278,150.67,40.82009167,-73.97408500,14,6,23,30,22.20,61010,NA,NA,NA,NA,NA,NA,NA,NA,NA,NA,NA,NA,NA,6879,-41
99.00,-0.988281,0.00,12419.00,NA,4506.00,4952.00,120.44,0.110,-105.00,59.00,278,150.67,40.82010000,-73.97416000,15,6,23,30,22.60,61045,NA,NA,NA,NA,NA,NA,NA,NA,NA,NA,NA,NA,NA,6866,-41
99.20,-0.988281,0.00,12419.00,NA,4485.00,4931.00,120.44,0.110,-105.00,59.00,278,150.67,40.82010500,-73.97420167,16,6,23,30,22.80,61065,NA,NA,NA,NA,NA,NA,NA,NA,NA,NA,NA,NA,NA,6859,-40
99.40,-0.972656,0.00,12419.00,NA,4464.00,4910.00,120.44,0.110,-105.00,59.00,278,150.67,40.82011000,-73.97424500,16,6,23,30,23.00,61085,NA,NA,NA,NA,NA,NA,NA,NA,NA,NA,NA,NA,NA,6852,-41
99.60,-0.988281,0.00,12419.00,NA,4444.00,4890.00,120.44,0.110,-105.00,59.00,278,150.67,40.82011333,-73.97428667,15,6,23,30,23.20,61105,NA,NA,NA,NA,NA,NA,NA,NA,NA,NA,NA,NA,NA,6846,-41
100.00,-1.003906,0.00,12419.00,NA,4402.00,4848.00,120.44,0.110,-105.00,59.00,278,150.67,40.82012333,-73.97437167,15,6,23,30,23.60,61145,NA,NA,NA,NA,NA,NA,NA,NA,NA,NA,NA,NA,NA,6832,-41
100.20,-1.003906,0.00,12419.00,NA,4381.00,4827.00,120.44,0.110,-105.00,59.00,278,150.67,40.82012667,-73.97441333,15,6,23,30,23.80,61165,NA,NA,NA,NA,NA,NA,NA,NA,NA,NA,NA,NA,NA,6825,-41
100.40,-0.988281,0.00,12419.00,NA,4360.00,4806.00,119.57,0.109,-104.00,59.00,278,150.43,40.82013167,-73.97445667,15,6,23,30,24.00,61185,NA,NA,NA,NA,NA,NA,NA,NA,NA,NA,NA,NA,NA,6818,-41
100.60,-1.019531,0.00,12419.00,NA,4339.00,4785.00,119.57,0.109,-104.00,59.00,278,150.43,40.82013667,-73.97449833,15,6,23,30,24.20,61205,NA,NA,NA,NA,NA,NA,NA,NA,NA,NA,NA,NA,NA,6812,-41
101.00,-1.019531,0.00,12419.00,NA,4298.00,4744.00,119.57,0.109,-104.00,59.00,278,150.43,40.82014500,-73.97458333,15,6,23,30,24.60,61245,NA,NA,NA,NA,NA,NA,NA,NA,NA,NA,NA,NA,NA,6801,-41
101.20,-1.003906,0.00,12419.00,NA,4277.00,4723.00,119.57,0.109,-104.00,59.00,278,150.43,40.82015000,-73.97462500,15,6,23,30,24.80,61265,NA,NA,NA,NA,NA,NA,NA,NA,NA,NA,NA,NA,NA,6794,-41
101.40,-1.003906,0.00,12419.00,NA,4256.00,4702.00,119.57,0.109,-104.00,59.00,278,150.43,40.82015500,-73.97466833,15,6,23,30,25.00,61285,NA,NA,NA,NA,NA,NA,NA,NA,NA,NA,NA,NA,NA,6789,-41
101.60,-0.988281,0.00,12419.00,NA,4235.00,4681.00,119.57,0.109,-104.00,59.00,278,150.43,40.82015833,-73.97471000,15,6,23,30,25.20,61305,NA,NA,NA,NA,NA,NA,NA,NA,NA,NA,NA,NA,NA,6782,-41
102.00,-0.988281,0.00,12419.00,NA,4194.00,4640.00,119.57,0.109,-104.00,59.00,278,150.43,40.82016833,-73.97479500,15,6,23,30,25.60,61345,NA,NA,NA,NA,NA,NA,NA,NA,NA,NA,NA,NA,NA,6771,-41
102.20,-1.003906,0.00,12419.00,NA,4173.00,4619.00,119.57,0.109,-104.00,59.00,278,150.43,40.82017167,-73.97483667,15,6,23,30,25.80,61365,NA,NA,NA,NA,NA,NA,NA,NA,NA,NA,NA,NA,NA,6764,-41
102.40,-1.003906,0.00,12419.00,NA,4152.00,4598.00,119.57,0.109,-104.00,59.00,278,150.43,40.82017667,-73.97488000,15,6,23,30,26.00,61385,NA,NA,NA,NA,NA,NA,NA,NA,NA,NA,NA,NA,NA,6759,-41
102.60,-1.003906,0.00,12419.00,NA,4131.00,4577.00,119.57,0.109,-104.00,59.00,278,150.43,40.82018167,-73.97492167,15,6,23,30,26.20,61405,NA,NA,NA,NA,NA,NA,NA,NA,NA,NA,NA,NA,NA,6753,-41
103.00,-1.003906,0.00,12419.00,NA,4090.00,4536.00,119.57,0.109,-104.00,59.00,278,150.43,40.82019000,-73.97500667,15,6,23,30,26.60,61445,NA,NA,NA,NA,NA,NA,NA,NA,NA,NA,NA,NA,NA,6742,-41
103.20,-0.988281,0.00,12419.00,NA,4069.00,4515.00,119.57,0.109,-104.00,59.00,278,150.43,40.82019500,-73.97504833,15,6,23,30,26.80,61465,NA,NA,NA,NA,NA,NA,NA,NA,NA,NA,NA,NA,NA,6737,-41
103.40,-1.003906,0.00,12419.00,NA,4048.00,4494.00,119.57,0.109,-104.00,59.00,278,150.43,40.82020000,-73.97509167,15,6,23,30,27.00,61485,NA,NA,NA,NA,NA,NA,NA,NA,NA,NA,NA,NA,NA,6731,-41
103.60,-1.003906,0.00,12419.00,NA,4027.00,4473.00,119.57,0.109,-104.00,59.00,278,150.43,40.82020333,-73.97513333,15,6,23,30,27.20,61505,NA,NA,NA,NA,NA,NA,NA,NA,NA,NA,NA,NA,NA,6725,-41
104.00,-1.003906,0.00,12419.00,NA,3986.00,4432.00,119.57,0.109,-104.00,59.00,278,150.43,40.82021333,-73.97521833,15,6,23,30,27.60,61545,NA,NA,NA,NA,NA,NA,NA,NA,NA,NA,NA,NA,NA,6716,-41
104.20,-0.988281,0.00,12419.00,NA,3965.00,4411.00,119.57,0.109,-104.00,59.00,278,150.43,40.82021667,-73.97526000,15,6,23,30,27.80,61565,NA,NA,NA,NA,NA,NA,NA,NA,NA,NA,NA,NA,NA,6710,-41
104.40,-1.003906,0.00,12419.00,NA,3944.00,4390.00,119.57,0.109,-104.00,59.00,278,150.43,40.82022167,-73.97530333,15,6,23,30,28.00,61585,NA,NA,NA,NA,NA,NA,NA,NA,NA,NA,NA,NA,NA,6705,-41
104.60,-0.988281,0.00,12419.00,NA,3924.00,4370.00,119.57,0.109,-104.00,59.00,278,150.43,40.82022667,-73.97534500,15,6,23,30,28.20,61605,NA,NA,NA,NA,NA,NA,NA,NA,NA,NA,NA,NA,NA,6701,-41
105.00,-1.003906,0.00,12419.00,NA,3882.00,4328.00,119.57,0.109,-104.00,59.00,278,150.43,40.82023500,-73.97543000,15,6,23,30,28.60,61645,NA,NA,NA,NA,NA,NA,NA,NA,NA,NA,NA,NA,NA,6691,-41
105.20,-0.988281,0.00,12419.00,NA,3861.00,4307.00,119.57,0.109,-104.00,59.00,278,150.43,40.82024000,-73.97547333,15,6,23,30,28.80,61665,NA,NA,NA,NA,NA,NA,NA,NA,NA,NA,NA,NA,NA,6687,-41
105.40,-0.988281,0.00,12419.00,NA,3841.00,4287.00,119.57,0.109,-104.00,59.00,278,150.43,40.82024500,-73.97551500,15,6,23,30,29.00,61685,NA,NA,NA,NA,NA,NA,NA,NA,NA,NA,NA,NA,NA,6682,-41
105.60,-1.003906,0.00,12419.00,NA,3820.00,4266.00,119.57,0.109,-104.00,59.00,278,150.43,40.82024833,-73.97555667,15,6,23,30,29.20,61705,NA,NA,NA,NA,NA,NA,NA,NA,NA,NA,NA,NA,NA,6678,-41
106.00,-0.972656,0.00,12419.00,NA,3778.00,4224.00,119.57,0.109,-104.00,59.00,278,150.43,40.82025833,-73.97564167,15,6,23,30,29.60,61745,NA,NA,NA,NA,NA,NA,NA,NA,NA,NA,NA,NA,NA,6669,-41
106.20,-0.988281,0.00,12419.00,NA,3758.00,4204.00,119.57,0.109,-104.00,59.00,278,150.43,40.82026167,-73.97568500,15,6,23,30,29.80,61765,NA,NA,NA,NA,NA,NA,NA,NA,NA,NA,NA,NA,NA,6665,-41
106.40,-1.003906,0.00,12419.00,NA,3737.00,4183.00,119.57,0.109,-104.00,59.00,278,150.43,40.82026667,-73.97572667,15,6,23,30,30.00,61785,NA,NA,NA,NA,NA,NA,NA,NA,NA,NA,NA,NA,NA,6661,-41
106.60,-1.003906,0.00,12419.00,NA,3716.00,4162.00,119.57,0.109,-104.00,59.00,278,150.43,40.82027167,-73.97576833,15,6,23,30,30.20,61805,NA,NA,NA,NA,NA,NA,NA,NA,NA,NA,NA,NA,NA,6657,-41
107.00,-1.003906,0.00,12419.00,NA,3675.00,4121.00,118.70,0.108,-103.00,59.00,278,150.20,40.82028000,-73.97585333,15,6,23,30,30.60,61845,NA,NA,NA,NA,NA,NA,NA,NA,NA,NA,NA,NA,NA,6649,-41
107.20,-1.003906,0.00,12419.00,NA,3655.00,4101.00,118.70,0.108,-103.00,59.00,278,150.20,40.82028500,-73.97589667,15,6,23,30,30.80,61865,NA,NA,NA,NA,NA,NA,NA,NA,NA,NA,NA,NA,NA,6646,-41
107.40,-1.019531,0.00,12419.00,NA,3634.00,4080.00,118.70,0.108,-103.00,59.00,278,150.20,40.82029000,-73.97593833,15,6,23,30,31.00,61885,NA,NA,NA,NA,NA,NA,NA,NA,NA,NA,NA,NA,NA,6642,-41
107.60,-1.019531,0.00,12419.00,NA,3613.00,4059.00,118.70,0.108,-103.00,59.00,278,150.20,40.82029333,-73.97598000,15,6,23,30,31.20,61905,NA,NA,NA,NA,NA,NA,NA,NA,NA,NA,NA,NA,NA,6638,-41
108.00,-1.003906,0.00,12419.00,NA,3572.00,4018.00,118.70,0.108,-103.00,59.00,278,150.20,40.82030333,-73.97606500,15,6,23,30,31.60,61945,NA,NA,NA,NA,NA,NA,NA,NA,NA,NA,NA,NA,NA,6632,-40
108.20,-1.003906,0.00,12419.00,NA,3552.00,3998.00,118.70,0.108,-103.00,59.00,278,150.20,40.82030667,-73.97610833,15,6,23,30,31.80,61965,NA,NA,NA,NA,NA,NA,NA,NA,NA,NA,NA,NA,NA,6629,-41
108.40,-1.019531,0.00,12419.00,NA,3531.00,3977.00,118.70,0.108,-103.00,59.00,278,150.20,40.82031167,-73.97615000,15,6,23,30,32.00,61985,NA,NA,NA,NA,NA,NA,NA,NA,NA,NA,NA,NA,NA,6625,-41
108.60,-0.988281,0.00,12419.00,NA,3510.00,3956.00,118.70,0.108,-103.00,59.00,278,150.20,40.82031667,-73.97619167,15,6,23,30,32.20,62005,NA,NA,NA,NA,NA,NA,NA,NA,NA,NA,NA,NA,NA,6622,-41
109.00,-1.003906,0.00,12419.00,NA,3469.00,3915.00,118.70,0.108,-103.00,59.00,278,150.20,40.82032500,-73.97627667,15,6,23,30,32.60,62045,NA,NA,NA,NA,NA,NA,NA,NA,NA,NA,NA,NA,NA,6616,-41
109.20,-1.003906,0.00,12419.00,NA,3449.00,3895.00,118.70,0.108,-103.00,59.00,278,150.20,40.82033000,-73.97632000,15,6,23,30,32.80,62065,NA,NA,NA,NA,NA,NA,NA,NA,NA,NA,NA,NA,NA,6613,-41
109.40,-1.003906,0.00,12419.00,NA,3428.00,3874.00,118.70,0.108,-103.00,59.00,278,150.20,40.82033333,-73.97636167,15,6,23,30,33.00,62085,NA,NA,NA,NA,NA,NA,NA,NA,NA,NA,NA,NA,NA,6610,-41
109.60,-0.988281,0.00,12419.00,NA,3407.00,3853.00,118.70,0.108,-103.00,59.00,278,150.20,40.82033833,-73.97640333,15,6,23,30,33.20,62105,NA,NA,NA,NA,NA,NA,NA,NA,NA,NA,NA,NA,NA,6607,-41
110.00,-0.988281,0.00,12419.00,NA,3366.00,3812.00,118.70,0.108,-103.00,59.00,278,150.20,40.82034833,-73.97648833,15,6,23,30,33.60,62145,NA,NA,NA,NA,NA,NA,NA,NA,NA,NA,NA,NA,NA,6602,-41
110.20,-1.019531,0.00,12419.00,NA,3346.00,3792.00,118.70,0.108,-103.00,59.00,278,150.20,40.82035167,-73.97653167,15,6,23,30,33.80,62165,NA,NA,NA,NA,NA,NA,NA,NA,NA,NA,NA,NA,NA,6600,-41
110.40,-0.988281,0.00,12419.00,NA,3325.00,3771.00,118.70,0.108,-103.00,59.00,278,150.20,40.82035667,-73.97657333,15,6,23,30,34.00,62185,NA,NA,NA,NA,NA,NA,NA,NA,NA,NA,NA,NA,NA,6597,-41
110.60,-1.019531,0.00,12419.00,NA,3304.00,3750.00,118.70,0.108,-103.00,59.00,278,150.20,40.82036167,-73.97661667,15,6,23,30,34.20,62205,NA,NA,NA,NA,NA,NA,NA,NA,NA,NA,NA,NA,NA,6595,-41
111.00,-0.988281,0.00,12419.00,NA,3263.00,3709.00,118.70,0.108,-103.00,59.00,278,150.20,40.82037000,-73.97670000,15,6,23,30,34.60,62245,NA,NA,NA,NA,NA,NA,NA,NA,NA,NA,NA,NA,NA,6590,-41
111.20,-0.988281,0.00,12419.00,NA,3243.00,3689.00,118.70,0.108,-103.00,59.00,278,150.20,40.82037500,-73.97674333,14,6,23,30,34.80,62265,NA,NA,NA,NA,NA,NA,NA,NA,NA,NA,NA,NA,NA,6588,-41
111.40,-0.988281,0.00,12419.00,NA,3222.00,3668.00,118.70,0.108,-103.00,59.00,278,150.20,40.82037833,-73.97678500,14,6,23,30,35.00,62285,NA,NA,NA,NA,NA,NA,NA,NA,NA,NA,NA,NA,NA,6586,-41
111.60,-0.988281,0.00,12419.00,NA,3202.00,3648.00,118.70,0.108,-103.00,59.00,278,150.20,40.82038333,-73.97682833,16,6,23,30,35.20,62305,NA,NA,NA,NA,NA,NA,NA,NA,NA,NA,NA,NA,NA,6585,-41
112.00,-1.003906,0.00,12419.00,NA,3161.00,3607.00,118.70,0.108,-103.00,59.00,278,150.20,40.82039333,-73.97691167,15,6,23,30,35.60,62345,NA,NA,NA,NA,NA,NA,NA,NA,NA,NA,NA,NA,NA,6581,-41
112.20,-0.988281,0.00,12419.00,NA,3140.00,3586.00,118.70,0.108,-103.00,59.00,278,150.20,40.82039667,-73.97695500,15,6,23,30,35.80,62365,NA,NA,NA,NA,NA,NA,NA,NA,NA,NA,NA,NA,NA,6580,-41
112.45,-0.988281,0.00,12419.00,NA,3114.00,3560.00,118.70,0.108,-103.00,59.00,278,150.20,40.82040333,-73.97700833,15,6,23,30,36.00,62390,NA,NA,NA,NA,NA,NA,NA,NA,NA,NA,NA,NA,NA,6578,-41
112.60,-1.019531,0.00,12419.00,NA,3099.00,3545.00,118.70,0.108,-103.00,59.00,278,150.20,40.82040667,-73.97704000,15,6,23,30,36.20,62405,NA,NA,NA,NA,NA,NA,NA,NA,NA,NA,NA,NA,NA,6577,-41
113.00,-1.003906,0.00,12419.00,NA,3058.00,3504.00,118.70,0.108,-103.00,59.00,278,150.20,40.82041500,-73.97712333,15,6,23,30,36.60,62445,NA,NA,NA,NA,NA,NA,NA,NA,NA,NA,NA,NA,NA,6574,-41
113.20,-1.003906,0.00,12419.00,NA,3037.00,3483.00,118.70,0.108,-103.00,59.00,278,150.20,40.82042000,-73.97716667,15,6,23,30,36.80,62465,NA,NA,NA,NA,NA,NA,NA,NA,NA,NA,NA,NA,NA,6573,-41
113.40,-1.003906,0.00,12419.00,NA,3017.00,3463.00,118.70,0.108,-103.00,59.00,278,150.20,40.82042333,-73.97720833,15,6,23,30,37.00,62485,NA,NA,NA,NA,NA,NA,NA,NA,NA,NA,NA,NA,NA,6572,-41
113.60,-1.003906,0.00,12419.00,NA,2997.00,3443.00,118.70,0.108,-103.00,59.00,278,150.20,40.82042833,-73.97725167,15,6,23,30,37.20,62505,NA,NA,NA,NA,NA,NA,NA,NA,NA,NA,NA,NA,NA,6571,-41
114.00,-1.003906,0.00,12419.00,NA,2956.00,3402.00,117.83,0.107,-102.00,59.00,278,149.95,40.82043833,-73.97733500,15,6,23,30,37.60,62545,NA,NA,NA,NA,NA,NA,NA,NA,NA,NA,NA,NA,NA,6569,-41
114.20,-0.988281,0.00,12419.00,NA,2935.00,3381.00,117.83,0.107,-102.00,59.00,278,149.95,40.82044167,-73.97737833,15,6,23,30,37.80,62565,NA,NA,NA,NA,NA,NA,NA,NA,NA,NA,NA,NA,NA,6568,-41
114.40,-1.019531,0.00,12419.00,NA,2915.00,3361.00,117.83,0.107,-102.00,59.00,278,149.95,40.82044667,-73.97742000,15,6,23,30,38.00,62585,NA,NA,NA,NA,NA,NA,NA,NA,NA,NA,NA,NA,NA,6568,-41
114.60,-1.003906,0.00,12419.00,NA,2895.00,3341.00,117.83,0.107,-102.00,59.00,278,149.95,40.82045167,-73.97746333,15,6,23,30,38.20,62605,NA,NA,NA,NA,NA,NA,NA,NA,NA,NA,NA,NA,NA,6568,-41
115.00,-1.003906,0.00,12419.00,NA,2854.00,3300.00,117.83,0.107,-102.00,59.00,278,149.95,40.82046000,-73.97754667,15,6,23,30,38.60,62645,NA,NA,NA,NA,NA,NA,NA,NA,NA,NA,NA,NA,NA,6567,-41
115.20,-1.003906,0.00,12419.00,NA,2833.00,3279.00,117.83,0.107,-102.00,59.00,278,149.95,40.82046500,-73.97759000,14,6,23,30,38.80,62665,NA,NA,NA,NA,NA,NA,NA,NA,NA,NA,NA,NA,NA,6566,-41
115.40,-0.988281,0.00,12419.00,NA,2813.00,3259.00,117.83,0.107,-102.00,59.00,278,149.95,40.82046833,-73.97763167,14,6,23,30,39.00,62685,NA,NA,NA,NA,NA,NA,NA,NA,NA,NA,NA,NA,NA,6568,-41
115.60,-0.988281,0.00,12419.00,NA,2793.00,3239.00,117.83,0.107,-102.00,59.00,278,149.95,40.82047333,-73.97767500,14,6,23,30,39.20,62705,NA,NA,NA,NA,NA,NA,NA,NA,NA,NA,NA,NA,NA,6568,-41
116.00,-1.019531,0.00,12419.00,NA,2752.00,3198.00,117.83,0.107,-102.00,59.00,278,149.95,40.82048333,-73.97776000,14,6,23,30,39.60,62745,NA,NA,NA,NA,NA,NA,NA,NA,NA,NA,NA,NA,NA,6568,-41
116.20,-1.003906,0.00,12419.00,NA,2731.00,3177.00,117.83,0.107,-102.00,59.00,278,149.95,40.82048667,-73.97780167,14,6,23,30,39.80,62765,NA,NA,NA,NA,NA,NA,NA,NA,NA,NA,NA,NA,NA,6568,-41
116.40,-0.988281,0.00,12419.00,NA,2711.00,3157.00,117.83,0.107,-102.00,59.00,278,149.95,40.82049167,-73.97784333,14,6,23,30,40.00,62785,NA,NA,NA,NA,NA,NA,NA,NA,NA,NA,NA,NA,NA,6569,-41
116.60,-1.003906,0.00,12419.00,NA,2691.00,3137.00,117.83,0.107,-102.00,59.00,278,149.95,40.82049667,-73.97788667,14,6,23,30,40.20,62805,NA,NA,NA,NA,NA,NA,NA,NA,NA,NA,NA,NA,NA,6570,-41
117.00,-1.003906,0.00,12419.00,NA,2650.00,3096.00,117.83,0.107,-102.00,59.00,278,149.95,40.82050500,-73.97797167,15,6,23,30,40.60,62845,NA,NA,NA,NA,NA,NA,NA,NA,NA,NA,NA,NA,NA,6570,-41
117.20,-1.003906,0.00,12419.00,NA,2629.00,3075.00,117.83,0.107,-102.00,59.00,278,149.95,40.82051000,-73.97801333,15,6,23,30,40.80,62865,NA,NA,NA,NA,NA,NA,NA,NA,NA,NA,NA,NA,NA,6571,-41
117.40,-0.988281,0.00,12419.00,NA,2609.00,3055.00,117.83,0.107,-102.00,59.00,278,149.95,40.82051333,-73.97805500,16,6,23,30,41.00,62885,NA,NA,NA,NA,NA,NA,NA,NA,NA,NA,NA,NA,NA,6571,-41
117.60,-1.003906,0.00,12419.00,NA,2589.00,3035.00,117.83,0.107,-102.00,59.00,278,149.95,40.82051833,-73.97809833,16,6,23,30,41.20,62905,NA,NA,NA,NA,NA,NA,NA,NA,NA,NA,NA,NA,NA,6573,-41
118.00,-0.988281,0.00,12419.00,NA,2548.00,2994.00,117.83,0.107,-102.00,59.00,278,149.95,40.82052833,-73.97818333,16,6,23,30,41.60,62945,NA,NA,NA,NA,NA,NA,NA,NA,NA,NA,NA,NA,NA,6575,-41
118.20,-0.988281,0.00,12419.00,NA,2527.00,2973.00,117.83,0.107,-102.00,59.00,278,149.95,40.82053167,-73.97822500,16,6,23,30,41.80,62965,NA,NA,NA,NA,NA,NA,NA,NA,NA,NA,NA,NA,NA,6575,-41
118.40,-1.003906,0.00,12419.00,NA,2507.00,2953.00,117.83,0.107,-102.00,59.00,278,149.95,40.82053667,-73.97826667,16,6,23,30,42.00,62985,NA,NA,NA,NA,NA,NA,NA,NA,NA,NA,NA,NA,NA,6577,-41
118.60,-0.988281,0.00,12419.00,NA,2487.00,2933.00,117.83,0.107,-102.00,59.00,278,149.95,40.82054167,-73.97831000,16,6,23,30,42.20,63005,NA,NA,NA,NA,NA,NA,NA,NA,NA,NA,NA,NA,NA,6578,-41
119.00,-0.988281,0.00,12419.00,NA,2446.00,2892.00,117.83,0.107,-102.00,59.00,278,149.95,40.82055000,-73.97839500,16,6,23,30,42.60,63045,NA,NA,NA,NA,NA,NA,NA,NA,NA,NA,NA,NA,NA,6581,-41
119.20,-1.019531,0.00,12419.00,NA,2426.00,2872.00,117.83,0.107,-102.00,59.00,278,149.95,40.82055500,-73.97843667,16,6,23,30,42.80,63065,NA,NA,NA,NA,NA,NA,NA,NA,NA,NA,NA,NA,NA,6582,-41
119.40,-0.988281,0.00,12419.00,NA,2405.00,2851.00,117.83,0.107,-102.00,59.00,278,149.95,40.82055833,-73.97847833,16,6,23,30,43.00,63085,NA,NA,NA,NA,NA,NA,NA,NA,NA,NA,NA,NA,NA,6584,-41
119.60,-1.003906,0.00,12419.00,NA,2385.00,2831.00,117.83,0.107,-102.00,59.00,278,149.95,40.82056333,-73.97852167,16,6,23,30,43.20,63105,NA,NA,NA,NA,NA,NA,NA,NA,NA,NA,NA,NA,NA,6586,-41
120.00,-1.003906,0.00,12419.00,NA,2344.00,2790.00,117.83,0.107,-102.00,59.00,278,149.95,40.82057167,-73.97860667,16,6,23,30,43.60,63145,NA,NA,NA,NA,NA,NA,NA,NA,NA,NA,NA,NA,NA,6589,-41
120.20,-0.988281,0.00,12419.00,NA,2324.00,2770.00,117.83,0.107,-102.00,59.00,278,149.95,40.82057667,-73.97864833,16,6,23,30,43.80,63165,NA,NA,NA,NA,NA,NA,NA,NA,NA,NA,NA,NA,NA,6591,-41
120.40,-1.035156,0.00,12419.00,NA,2304.00,2750.00,117.83,0.107,-102.00,59.00,278,149.95,40.82058167,-73.97869000,16,6,23,30,44.00,63185,NA,NA,NA,NA,NA,NA,NA,NA,NA,NA,NA,NA,NA,6593,-41
120.60,-1.003906,0.00,12419.00,NA,2284.00,2730.00,117.83,0.107,-102.00,59.00,278,149.95,40.82058667,-73.97873333,16,6,23,30,44.20,63205,NA,NA,NA,NA,NA,NA,NA,NA,NA,NA,NA,NA,NA,6595,-41
121.00,-1.003906,0.00,12419.00,NA,2243.00,2689.00,117.83,0.107,-102.00,59.00,278,149.95,40.82059500,-73.97881833,16,6,23,30,44.60,63245,NA,NA,NA,NA,NA,NA,NA,NA,NA,NA,NA,NA,NA,6599,-41
121.20,-1.019531,0.00,12419.00,NA,2223.00,2669.00,116.97,0.106,-101.00,59.00,278,149.71,40.82060000,-73.97886000,16,6,23,30,44.80,63265,NA,NA,NA,NA,NA,NA,NA,NA,NA,NA,NA,NA,NA,6602,-41
121.40,-1.003906,0.00,12419.00,NA,2203.00,2649.00,116.97,0.106,-101.00,59.00,278,149.71,40.82060333,-73.97890333,16,6,23,30,45.00,63285,NA,NA,NA,NA,NA,NA,NA,NA,NA,NA,NA,NA,NA,6605,-41
121.60,-1.019531,0.00,12419.00,NA,2182.00,2628.00,116.97,0.106,-101.00,59.00,278,149.71,40.82060833,-73.97894500,16,6,23,30,45.20,63305,NA,NA,NA,NA,NA,NA,NA,NA,NA,NA,NA,NA,NA,6607,-41
122.00,-1.003906,0.00,12419.00,NA,2142.00,2588.00,116.97,0.106,-101.00,59.00,278,149.71,40.82061667,-73.97903000,16,6,23,30,45.60,63345,NA,NA,NA,NA,NA,NA,NA,NA,NA,NA,NA,NA,NA,6612,-41
122.20,-1.019531,0.00,12419.00,NA,2122.00,2568.00,116.97,0.106,-101.00,59.00,278,149.71,40.82062167,-73.97907167,16,6,23,30,45.80,63365,NA,NA,NA,NA,NA,NA,NA,NA,NA,NA,NA,NA,NA,6615,-41
122.40,-1.003906,0.00,12419.00,NA,2102.00,2548.00,116.97,0.106,-101.00,59.00,278,149.71,40.82062667,-73.97911500,16,6,23,30,46.00,63385,NA,NA,NA,NA,NA,NA,NA,NA,NA,NA,NA,NA,NA,6619,-41
122.60,-1.003906,0.00,12419.00,NA,2081.00,2527.00,116.97,0.106,-101.00,59.00,278,149.71,40.82063167,-73.97915667,16,6,23,30,46.20,63405,NA,NA,NA,NA,NA,NA,NA,NA,NA,NA,NA,NA,NA,6621,-41
123.00,-0.988281,0.00,12419.00,NA,2041.00,2487.00,116.97,0.106,-101.00,59.00,278,149.71,40.82064000,-73.97924167,16,6,23,30,46.60,63445,NA,NA,NA,NA,NA,NA,NA,NA,NA,NA,NA,NA,NA,6627,-41
123.20,-0.988281,0.00,12419.00,NA,2021.00,2467.00,116.97,0.106,-101.00,59.00,278,149.71,40.82064500,-73.97928333,16,6,23,30,46.80,63465,NA,NA,NA,NA,NA,NA,NA,NA,NA,NA,NA,NA,NA,6631,-41
123.40,-0.972656,0.00,12419.00,NA,2001.00,2447.00,116.97,0.106,-101.00,59.00,278,149.71,40.82064833,-73.97932667,16,6,23,30,47.00,63485,NA,NA,NA,NA,NA,NA,NA,NA,NA,NA,NA,NA,NA,6634,-41
123.60,-0.988281,0.00,12419.00,NA,1984.00,2430.00,66.31,0.060,-61.00,26.00,304,156.91,40.82065667,-73.97934833,16,6,23,30,47.20,63505,NA,NA,NA,NA,NA,NA,NA,NA,NA,NA,NA,NA,NA,6635,-41
124.00,-0.988281,0.00,12419.00,NA,1966.00,2412.00,43.60,0.039,-35.00,26.00,304,143.39,40.82067167,-73.97938000,16,6,23,30,47.60,63545,NA,NA,NA,NA,NA,NA,NA,NA,NA,NA,NA,NA,NA,6639,-41
124.20,-1.003906,0.00,12419.00,NA,1960.00,2406.00,41.23,0.037,-32.00,26.00,304,140.91,40.82068000,-73.97939500,16,6,23,30,47.80,63565,NA,NA,NA,NA,NA,NA,NA,NA,NA,NA,NA,NA,NA,6642,-41
124.40,-0.988281,0.00,12419.00,NA,1954.00,2400.00,39.70,0.036,-30.00,26.00,304,139.09,40.82068833,-73.97941000,16,6,23,30,48.00,63585,NA,NA,NA,NA,NA,NA,NA,NA,NA,NA,NA,NA,NA,6646,-41
124.60,-0.988281,0.00,12419.00,NA,1948.00,2394.00,38.21,0.035,-28.00,26.00,304,137.12,40.82069500,-73.97942667,16,6,23,30,48.20,63605,NA,NA,NA,NA,NA,NA,NA,NA,NA,NA,NA,NA,NA,6649,-41
125.00,-1.003906,0.00,12419.00,NA,1937.00,2383.00,37.48,0.034,-27.00,26.00,304,136.08,40.82071167,-73.97945833,16,6,23,30,48.60,63645,NA,NA,NA,NA,NA,NA,NA,NA,NA,NA,NA,NA,NA,6656,-41
125.20,-0.988281,0.00,12419.00,NA,1932.00,2378.00,37.48,0.034,-27.00,26.00,304,136.08,40.82072000,-73.97947333,16,6,23,30,48.80,63665,NA,NA,NA,NA,NA,NA,NA,NA,NA,NA,NA,NA,NA,6659,-41
125.40,-1.019531,0.00,12419.00,NA,1926.00,2372.00,37.48,0.034,-27.00,26.00,304,136.08,40.82072833,-73.97948833,16,6,23,30,49.00,63685,NA,NA,NA,NA,NA,NA,NA,NA,NA,NA,NA,NA,NA,6663,-41
125.60,-1.003906,0.00,12419.00,NA,1921.00,2367.00,37.48,0.034,-27.00,26.00,304,136.08,40.82073500,-73.97950500,16,6,23,30,49.20,63705,NA,NA,NA,NA,NA,NA,NA,NA,NA,NA,NA,NA,NA,6666,-41
126.00,-1.003906,0.00,12419.00,NA,1910.00,2356.00,37.48,0.034,-27.00,26.00,304,136.08,40.82075167,-73.97953500,16,6,23,30,49.60,63745,NA,NA,NA,NA,NA,NA,NA,NA,NA,NA,NA,NA,NA,6673,-41
126.20,-0.937500,0.00,12419.00,NA,1905.00,2351.00,37.48,0.034,-27.00,26.00,304,136.08,40.82076000,-73.97955167,16,6,23,30,49.80,63765,NA,NA,NA,NA,NA,NA,NA,NA,NA,NA,NA,NA,NA,6677,-40
126.40,-0.957031,0.00,12419.00,NA,1900.00,2346.00,37.48,0.034,-27.00,26.00,304,136.08,40.82076667,-73.97956667,16,6,23,30,50.00,63785,NA,NA,NA,NA,NA,NA,NA,NA,NA,NA,NA,NA,NA,6680,-41
126.60,-1.085938,0.00,12419.00,NA,1895.00,2341.00,36.77,0.033,-26.00,26.00,304,135.00,40.82077500,-73.97958333,14,6,23,30,50.20,63805,NA,NA,NA,NA,NA,NA,NA,NA,NA,NA,NA,NA,NA,6683,-41
127.00,-0.957031,0.00,12419.00,NA,1884.00,2330.00,36.77,0.033,-26.00,26.00,304,135.00,40.82079167,-73.97961333,14,6,23,30,50.60,63845,NA,NA,NA,NA,NA,NA,NA,NA,NA,NA,NA,NA,NA,6690,-41
127.20,-1.070312,0.00,12419.00,NA,1879.00,2325.00,36.77,0.033,-26.00,26.00,304,135.00,40.82080000,-73.97963000,13,6,23,30,50.80,63865,NA,NA,NA,NA,NA,NA,NA,NA,NA,NA,NA,NA,NA,6694,-41
127.40,-1.101562,0.00,12419.00,NA,1874.00,2320.00,36.77,0.033,-26.00,26.00,304,135.00,40.82080667,-73.97964500,15,6,23,30,51.00,63885,NA,NA,NA,NA,NA,NA,NA,NA,NA,NA,NA,NA,NA,6697,-41
127.60,-1.183594,0.00,12419.00,NA,1869.00,2315.00,36.77,0.033,-26.00,26.00,304,135.00,40.82081500,-73.97966000,14,6,23,30,51.20,63905,NA,NA,NA,NA,NA,NA,NA,NA,NA,NA,NA,NA,NA,6701,-41
128.00,-1.003906,0.00,12419.00,NA,1858.00,2304.00,36.77,0.033,-26.00,26.00,304,135.00,40.82083167,-73.97969167,15,6,23,30,51.60,63945,NA,NA,NA,NA,NA,NA,NA,NA,NA,NA,NA,NA,NA,6708,-41
128.20,-0.957031,0.00,12419.00,NA,1853.00,2299.00,36.77,0.033,-26.00,26.00,304,135.00,40.82083833,-73.97970833,15,6,23,30,51.80,63965,NA,NA,NA,NA,NA,NA,NA,NA,NA,NA,NA,NA,NA,6711,-41
128.40,-0.937500,0.00,12419.00,NA,1848.00,2294.00,36.77,0.033,-26.00,26.00,304,135.00,40.82084667,-73.97972333,13,6,23,30,52.00,63985,NA,NA,NA,NA,NA,NA,NA,NA,NA,NA,NA,NA,NA,6715,-40
128.60,-1.003906,0.00,12419.00,NA,1843.00,2289.00,36.77,0.033,-26.00,26.00,304,135.00,40.82085500,-73.97973833,13,6,23,30,52.20,64005,NA,NA,NA,NA,NA,NA,NA,NA,NA,NA,NA,NA,NA,6718,-41
129.00,-1.003906,0.00,12419.00,NA,1832.00,2278.00,36.77,0.033,-26.00,26.00,304,135.00,40.82087167,-73.97977000,13,6,23,30,52.60,64045,NA,NA,NA,NA,NA,NA,NA,NA,NA,NA,NA,NA,NA,6725,-41
129.20,-0.988281,0.00,12419.00,NA,1827.00,2273.00,36.77,0.033,-26.00,26.00,304,135.00,40.82087833,-73.97978500,15,6,23,30,52.80,64065,NA,NA,NA,NA,NA,NA,NA,NA,NA,NA,NA,NA,NA,6729,-41
129.40,-0.988281,0.00,12419.00,NA,1822.00,2268.00,36.77,0.033,-26.00,26.00,304,135.00,40.82088667,-73.97980167,15,6,23,30,53.00,64085,NA,NA,NA,NA,NA,NA,NA,NA,NA,NA,NA,NA,NA,6733,-41
129.60,-1.019531,0.00,12419.00,NA,1817.00,2263.00,36.77,0.033,-26.00,26.00,304,135.00,40.82089500,-73.97981667,15,6,23,30,53.20,64105,NA,NA,NA,NA,NA,NA,NA,NA,NA,NA,NA,NA,NA,6736,-41
130.00,-1.003906,0.00,12419.00,NA,1806.00,2252.00,36.77,0.033,-26.00,26.00,304,135.00,40.82091000,-73.97984833,14,6,23,30,53.60,64145,NA,NA,NA,NA,NA,NA,NA,NA,NA,NA,NA,NA,NA,6743,-41
130.20,-0.988281,0.00,12419.00,NA,1801.00,2247.00,36.77,0.033,-26.00,26.00,304,135.00,40.82091833,-73.97986333,14,6,23,30,53.80,64165,NA,NA,NA,NA,NA,NA,NA,NA,NA,NA,NA,NA,NA,6747,-41
130.40,-1.019531,0.00,12419.00,NA,1796.00,2242.00,36.77,0.033,-26.00,26.00,304,135.00,40.82092667,-73.97988000,14,6,23,30,54.00,64185,NA,NA,NA,NA,NA,NA,NA,NA,NA,NA,NA,NA,NA,6750,-41
130.60,-0.988281,0.00,12419.00,NA,1791.00,2237.00,36.77,0.033,-26.00,26.00,304,135.00,40.82093500,-73.97989500,14,6,23,30,54.20,64205,NA,NA,NA,NA,NA,NA,NA,NA,NA,NA,NA,NA,NA,6754,-41
131.00,-0.988281,0.00,12419.00,NA,1780.00,2226.00,36.77,0.033,-26.00,26.00,304,135.00,40.82095000,-73.97992667,14,6,23,30,54.60,64245,NA,NA,NA,NA,NA,NA,NA,NA,NA,NA,NA,NA,NA,6761,-41
131.20,-1.003906,0.00,12419.00,NA,1775.00,2221.00,36.77,0.033,-26.00,26.00,304,135.00,40.82095833,-73.97994167,15,6,23,30,54.80,64265,NA,NA,NA,NA,NA,NA,NA,NA,NA,NA,NA,NA,NA,6765,-41
131.40,-1.003906,0.00,12419.00,NA,1770.00,2216.00,36.77,0.033,-26.00,26.00,304,135.00,40.82096667,-73.97995833,15,6,23,30,55.00,64285,NA,NA,NA,NA,NA,NA,NA,NA,NA,NA,NA,NA,NA,6769,-41
131.60,-1.003906,0.00,12419.00,NA,1765.00,2211.00,36.77,0.033,-26.00,26.00,304,135.00,40.82097500,-73.97997333,11,6,23,30,55.20,64305,NA,NA,NA,NA,NA,NA,NA,NA,NA,NA,NA,NA,NA,6772,-41
132.00,-0.988281,0.00,12419.00,NA,1754.00,2200.00,36.77,0.033,-26.00,26.00,304,135.00,40.82099000,-73.98000500,13,6,23,30,55.60,64345,NA,NA,NA,NA,NA,NA,NA,NA,NA,NA,NA,NA,NA,6779,-41
132.20,-0.988281,0.00,12419.00,NA,1749.00,2195.00,36.77,0.033,-26.00,26.00,304,135.00,40.82099833,-73.98002000,13,6,23,30,55.80,64365,NA,NA,NA,NA,NA,NA,NA,NA,NA,NA,NA,NA,NA,6783,-41
132.35,-0.988281,0.00,12419.00,NA,1745.00,2191.00,36.77,0.033,-26.00,26.00,304,135.00,40.82100500,-73.98003167,9,6,23,30,56.00,64380,NA,NA,NA,NA,NA,NA,NA,NA,NA,NA,NA,NA,NA,6786,-41
132.55,-0.988281,0.00,12419.00,NA,1740.00,2186.00,36.77,0.033,-26.00,26.00,304,135.00,40.82101167,-73.98004667,9,6,23,30,56.20,64400,NA,NA,NA,NA,NA,NA,NA,NA,NA,NA,NA,NA,NA,6789,-41
133.00,-0.988281,0.00,12419.00,NA,1728.00,2174.00,36.77,0.033,-26.00,26.00,304,135.00,40.82103000,-73.98008333,11,6,23,30,56.60,64445,NA,NA,NA,NA,NA,NA,NA,NA,NA,NA,NA,NA,NA,6798,-41
133.20,-0.988281,0.00,12419.00,NA,1723.00,2169.00,36.77,0.033,-26.00,26.00,304,135.00,40.82103833,-73.98009833,11,6,23,30,56.80,64465,NA,NA,NA,NA,NA,NA,NA,NA,NA,NA,NA,NA,NA,6801,-41
133.40,-0.988281,0.00,12419.00,NA,1718.00,2164.00,36.77,0.033,-26.00,26.00,304,135.00,40.82104667,-73.98011333,11,6,23,30,57.00,64485,NA,NA,NA,NA,NA,NA,NA,NA,NA,NA,NA,NA,NA,6805,-41
133.60,-0.972656,0.00,12419.00,NA,1713.00,2159.00,36.77,0.033,-26.00,26.00,304,135.00,40.82105333,-73.98013000,11,6,23,30,57.20,64505,NA,NA,NA,NA,NA,NA,NA,NA,NA,NA,NA,NA,NA,6809,-40
134.00,-0.988281,0.00,12419.00,NA,1702.00,2148.00,36.77,0.033,-26.00,26.00,304,135.00,40.82107000,-73.98016000,9,6,23,30,57.60,64545,NA,NA,NA,NA,NA,NA,NA,NA,NA,NA,NA,NA,NA,6816,-41
134.20,-1.003906,0.00,12419.00,NA,1697.00,2143.00,36.77,0.033,-26.00,26.00,304,135.00,40.82107833,-73.98017667,10,6,23,30,57.80,64565,NA,NA,NA,NA,NA,NA,NA,NA,NA,NA,NA,NA,NA,6820,-41
134.40,-1.003906,0.00,12419.00,NA,1692.00,2138.00,36.77,0.033,-26.00,26.00,304,135.00,40.82108667,-73.98019167,11,6,23,30,58.00,64585,NA,NA,NA,NA,NA,NA,NA,NA,NA,NA,NA,NA,NA,6823,-41
134.60,-0.988281,0.00,12419.00,NA,1687.00,2133.00,36.77,0.033,-26.00,26.00,304,135.00,40.82109333,-73.98020833,10,6,23,30,58.20,64605,NA,NA,NA,NA,NA,NA,NA,NA,NA,NA,NA,NA,NA,6827,-41
135.00,-1.003906,0.00,12419.00,NA,1676.00,2122.00,36.77,0.033,-26.00,26.00,304,135.00,40.82111000,-73.98023833,11,6,23,30,58.60,64645,NA,NA,NA,NA,NA,NA,NA,NA,NA,NA,NA,NA,NA,6834,-40
135.20,-0.988281,0.00,12419.00,NA,1671.00,2117.00,36.77,0.033,-26.00,26.00,304,135.00,40.82111833,-73.98025500,11,6,23,30,58.80,64665,NA,NA,NA,NA,NA,NA,NA,NA,NA,NA,NA,NA,NA,6838,-41
135.40,-0.988281,0.00,12419.00,NA,1666.00,2112.00,36.77,0.033,-26.00,26.00,304,135.00,40.82112500,-73.98027000,10,6,23,30,59.00,64685,NA,NA,NA,NA,NA,NA,NA,NA,NA,NA,NA,NA,NA,6842,-41
135.60,-1.003906,0.00,12419.00,NA,1661.00,2107.00,36.77,0.033,-26.00,26.00,304,135.00,40.82113333,-73.98028500,10,6,23,30,59.20,64705,NA,NA,NA,NA,NA,NA,NA,NA,NA,NA,NA,NA,NA,6845,-41
136.00,-1.003906,0.00,12419.00,NA,1650.00,2096.00,36.77,0.033,-26.00,26.00,304,135.00,40.82115000,-73.98031667,12,6,23,30,59.60,64745,NA,NA,NA,NA,NA,NA,NA,NA,NA,NA,NA,NA,NA,6853,-41
136.20,-1.035156,0.00,12419.00,NA,1645.00,2091.00,36.77,0.033,-26.00,26.00,304,135.00,40.82115833,-73.98033333,12,6,23,30,59.80,64765,NA,NA,NA,NA,NA,NA,NA,NA,NA,NA,NA,NA,NA,6857,-41
136.40,-1.019531,0.00,12419.00,NA,1640.00,2086.00,36.77,0.033,-26.00,26.00,304,135.00,40.82116500,-73.98034833,12,6,23,31,0.00,64785,NA,NA,NA,NA,NA,NA,NA,NA,NA,NA,NA,NA,NA,6861,-41
136.60,-1.019531,0.00,12419.00,NA,1635.00,2081.00,36.77,0.033,-26.00,26.00,304,135.00,40.82117333,-73.98036333,12,6,23,31,0.20,64805,NA,NA,NA,NA,NA,NA,NA,NA,NA,NA,NA,NA,NA,6864,-41
137.00,-0.988281,0.00,12419.00,NA,1624.00,2070.00,36.77,0.033,-26.00,26.00,304,135.00,40.82119000,-73.98039500,12,6,23,31,0.60,64845,NA,NA,NA,NA,NA,NA,NA,NA,NA,NA,NA,NA,NA,6872,-41
137.20,-1.003906,0.00,12419.00,NA,1619.00,2065.00,36.77,0.033,-26.00,26.00,304,135.00,40.82119667,-73.98041000,11,6,23,31,0.80,64865,NA,NA,NA,NA,NA,NA,NA,NA,NA,NA,NA,NA,NA,6875,-41
137.40,-1.003906,0.00,12419.00,NA,1614.00,2060.00,36.77,0.033,-26.00,26.00,304,135.00,40.82120500,-73.98042667,11,6,23,31,1.00,64885,NA,NA,NA,NA,NA,NA,NA,NA,NA,NA,NA,NA,NA,6882,-41
137.60,-1.003906,0.00,12419.00,NA,1609.00,2055.00,36.77,0.033,-26.00,26.00,304,135.00,40.82121333,-73.98044167,12,6,23,31,1.20,64905,NA,NA,NA,NA,NA,NA,NA,NA,NA,NA,NA,NA,NA,6886,-41
138.00,-1.003906,0.00,12419.00,NA,1598.00,2044.00,36.77,0.033,-26.00,26.00,304,135.00,40.82123000,-73.98047333,12,6,23,31,1.60,64945,NA,NA,NA,NA,NA,NA,NA,NA,NA,NA,NA,NA,NA,6893,-41
138.20,-1.035156,0.00,12419.00,NA,1593.00,2039.00,36.77,0.033,-26.00,26.00,304,135.00,40.82123667,-73.98048833,12,6,23,31,1.80,64965,NA,NA,NA,NA,NA,NA,NA,NA,NA,NA,NA,NA,NA,6897,-41
138.40,-0.972656,0.00,12419.00,NA,1588.00,2034.00,36.77,0.033,-26.00,26.00,304,135.00,40.82124500,-73.98050500,11,6,23,31,2.00,64985,NA,NA,NA,NA,NA,NA,NA,NA,NA,NA,NA,NA,NA,6902,-41
138.60,-1.019531,0.00,12419.00,NA,1583.00,2029.00,36.77,0.033,-26.00,26.00,304,135.00,40.82125333,-73.98052000,12,6,23,31,2.20,65005,NA,NA,NA,NA,NA,NA,NA,NA,NA,NA,NA,NA,NA,6905,-41
139.00,-1.003906,0.00,12419.00,NA,1572.00,2018.00,36.77,0.033,-26.00,26.00,304,135.00,40.82126833,-73.98055167,12,6,23,31,2.60,65045,NA,NA,NA,NA,NA,NA,NA,NA,NA,NA,NA,NA,NA,6913,-41
139.20,-1.003906,0.00,12419.00,NA,1567.00,2013.00,36.77,0.033,-26.00,26.00,304,135.00,40.82127667,-73.98056667,12,6,23,31,2.80,65065,NA,NA,NA,NA,NA,NA,NA,NA,NA,NA,NA,NA,NA,6917,-41
139.40,-0.988281,0.00,12419.00,NA,1562.00,2008.00,36.77,0.033,-26.00,26.00,304,135.00,40.82128500,-73.98058333,11,6,23,31,3.00,65085,NA,NA,NA,NA,NA,NA,NA,NA,NA,NA,NA,NA,NA,6921,-41
139.60,-0.988281,0.00,12419.00,NA,1557.00,2003.00,36.77,0.033,-26.00,26.00,304,135.00,40.82129333,-73.98059833,11,6,23,31,3.20,65105,NA,NA,NA,NA,NA,NA,NA,NA,NA,NA,NA,NA,NA,6925,-41
140.00,-0.988281,0.00,12419.00,NA,1546.00,1992.00,36.77,0.033,-26.00,26.00,304,135.00,40.82130833,-73.98063000,11,6,23,31,3.60,65145,NA,NA,NA,NA,NA,NA,NA,NA,NA,NA,NA,NA,NA,6932,-41
140.20,-1.003906,0.00,12419.00,NA,1541.00,1987.00,36.77,0.033,-26.00,26.00,304,135.00,40.82131667,-73.98064500,11,6,23,31,3.80,65165,NA,NA,NA,NA,NA,NA,NA,NA,NA,NA,NA,NA,NA,6936,-41
140.40,-1.003906,0.00,12419.00,NA,1536.00,1982.00,36.77,0.033,-26.00,26.00,304,135.00,40.82132500,-73.98066000,11,6,23,31,4.00,65185,NA,NA,NA,NA,NA,NA,NA,NA,NA,NA,NA,NA,NA,6940,-41
140.60,-1.003906,0.00,12419.00,NA,1531.00,1977.00,36.77,0.033,-26.00,26.00,304,135.00,40.82133333,-73.98067667,11,6,23,31,4.20,65205,NA,NA,NA,NA,NA,NA,NA,NA,NA,NA,NA,NA,NA,6944,-41
141.00,-1.003906,0.00,12419.00,NA,1520.00,1966.00,36.77,0.033,-26.00,26.00,304,135.00,40.82134833,-73.98070833,12,6,23,31,4.60,65245,NA,NA,NA,NA,NA,NA,NA,NA,NA,NA,NA,NA,NA,6952,-41
141.20,-0.972656,0.00,12419.00,NA,1515.00,1961.00,36.77,0.033,-26.00,26.00,304,135.00,40.82135667,-73.98072333,12,6,23,31,4.80,65265,NA,NA,NA,NA,NA,NA,NA,NA,NA,NA,NA,NA,NA,6955,-41
141.40,-1.003906,0.00,12419.00,NA,1510.00,1956.00,36.77,0.033,-26.00,26.00,304,135.00,40.82136500,-73.98073833,11,6,23,31,5.00,65285,NA,NA,NA,NA,NA,NA,NA,NA,NA,NA,NA,NA,NA,6959,-41
141.60,-1.019531,0.00,12419.00,NA,1505.00,1951.00,36.77,0.033,-26.00,26.00,304,135.00,40.82137333,-73.98075500,12,6,23,31,5.20,65305,NA,NA,NA,NA,NA,NA,NA,NA,NA,NA,NA,NA,NA,6964,-41
142.00,-1.003906,0.00,12419.00,NA,1494.00,1940.00,36.77,0.033,-26.00,26.00,304,135.00,40.82138833,-73.98078500,12,6,23,31,5.60,65345,NA,NA,NA,NA,NA,NA,NA,NA,NA,NA,NA,NA,NA,6971,-41
142.15,-0.988281,0.00,12419.00,NA,1490.00,1936.00,36.77,0.033,-26.00,26.00,304,135.00,40.82139500,-73.98079667,11,6,23,31,5.80,65360,NA,NA,NA,NA,NA,NA,NA,NA,NA,NA,NA,NA,NA,6974,-41
142.40,-0.988281,0.00,12419.00,NA,1484.00,1930.00,36.77,0.033,-26.00,26.00,304,135.00,40.82140500,-73.98081667,12,6,23,31,6.00,65385,NA,NA,NA,NA,NA,NA,NA,NA,NA,NA,NA,NA,NA,6979,-41
142.60,-0.972656,0.00,12419.00,NA,1479.00,1925.00,36.77,0.033,-26.00,26.00,304,135.00,40.82141167,-73.98083333,12,6,23,31,6.20,65405,NA,NA,NA,NA,NA,NA,NA,NA,NA,NA,NA,NA,NA,6983,-41
143.00,-1.003906,0.00,12419.00,NA,1468.00,1914.00,36.77,0.033,-26.00,26.00,304,135.00,40.82142833,-73.98086333,12,6,23,31,6.60,65445,NA,NA,NA,NA,NA,NA,NA,NA,NA,NA,NA,NA,NA,6991,-41
143.20,-1.003906,0.00,12419.00,NA,1463.00,1909.00,36.77,0.033,-26.00,26.00,304,135.00,40.82143667,-73.98088000,12,6,23,31,6.80,65465,NA,NA,NA,NA,NA,NA,NA,NA,NA,NA,NA,NA,NA,6995,-41
143.40,-1.003906,0.00,12419.00,NA,1458.00,1904.00,36.77,0.033,-26.00,26.00,304,135.00,40.82144500,-73.98089500,11,6,23,31,7.00,65485,NA,NA,NA,NA,NA,NA,NA,NA,NA,NA,NA,NA,NA,6999,-41
143.60,-1.003906,0.00,12419.00,NA,1453.00,1899.00,36.77,0.033,-26.00,26.00,304,135.00,40.82145167,-73.98091000,12,6,23,31,7.20,65505,NA,NA,NA,NA,NA,NA,NA,NA,NA,NA,NA,NA,NA,7002,-40
144.00,-1.003906,0.00,12419.00,NA,1442.00,1888.00,36.77,0.033,-26.00,26.00,304,135.00,40.82146833,-73.98094167,12,6,23,31,7.60,65545,NA,NA,NA,NA,NA,NA,NA,NA,NA,NA,NA,NA,NA,7011,-41
144.20,-0.988281,0.00,12419.00,NA,1437.00,1883.00,36.77,0.033,-26.00,26.00,304,135.00,40.82147667,-73.98095667,11,6,23,31,7.80,65565,NA,NA,NA,NA,NA,NA,NA,NA,NA,NA,NA,NA,NA,7015,-41
144.40,-1.003906,0.00,12419.00,NA,1432.00,1878.00,36.77,0.033,-26.00,26.00,304,135.00,40.82148333,-73.98097333,11,6,23,31,8.00,65585,NA,NA,NA,NA,NA,NA,NA,NA,NA,NA,NA,NA,NA,7018,-40
144.60,-1.003906,0.00,12419.00,NA,1427.00,1873.00,36.77,0.033,-26.00,26.00,304,135.00,40.82149167,-73.98098833,11,4,23,31,8.20,65605,NA,NA,NA,NA,NA,NA,NA,NA,NA,NA,NA,NA,NA,7022,-41
144.95,-0.988281,0.00,12419.00,NA,1418.00,1864.00,36.77,0.033,-26.00,26.00,304,135.00,40.82150667,-73.98101667,11,4,23,31,8.60,65640,NA,NA,NA,NA,NA,NA,NA,NA,NA,NA,NA,NA,NA,7030,-41
145.20,-0.988281,0.00,12419.00,NA,1411.00,1857.00,36.77,0.033,-26.00,26.00,304,135.00,40.82151667,-73.98103500,11,4,23,31,8.80,65665,NA,NA,NA,NA,NA,NA,NA,NA,NA,NA,NA,NA,NA,7035,-41
145.35,-0.988281,0.00,12419.00,NA,1407.00,1853.00,36.77,0.033,-26.00,26.00,304,135.00,40.82152167,-73.98104667,11,4,23,31,9.00,65680,NA,NA,NA,NA,NA,NA,NA,NA,NA,NA,NA,NA,NA,7037,-41
145.55,-1.019531,0.00,12419.00,NA,1402.00,1848.00,36.77,0.033,-26.00,26.00,304,135.00,40.82153000,-73.98106333,11,4,23,31,9.20,65700,NA,NA,NA,NA,NA,NA,NA,NA,NA,NA,NA,NA,NA,7042,-41
146.00,-1.003906,0.00,12419.00,NA,1390.00,1836.00,36.77,0.033,-26.00,26.00,304,135.00,40.82154833,-73.98109833,11,4,23,31,9.60,65745,NA,NA,NA,NA,NA,NA,NA,NA,NA,NA,NA,NA,NA,7051,-41
146.15,-1.003906,0.00,12419.00,NA,1386.00,1832.00,36.77,0.033,-26.00,26.00,304,135.00,40.82155333,-73.98111000,11,4,23,31,9.80,65760,NA,NA,NA,NA,NA,NA,NA,NA,NA,NA,NA,NA,NA,7054,-41
146.35,-0.988281,0.00,12419.00,NA,1381.00,1827.00,36.77,0.033,-26.00,26.00,304,135.00,40.82156167,-73.98112500,11,4,23,31,10.00,65780,NA,NA,NA,NA,NA,NA,NA,NA,NA,NA,NA,NA,NA,7058,-41
146.55,-0.988281,0.00,12419.00,NA,1376.00,1822.00,36.77,0.033,-26.00,26.00,304,135.00,40.82157000,-73.98114167,11,4,23,31,10.20,65800,NA,NA,NA,NA,NA,NA,NA,NA,NA,NA,NA,NA,NA,7062,-41
146.95,-0.972656,0.00,12419.00,NA,1366.00,1812.00,36.77,0.033,-26.00,26.00,304,135.00,40.82158500,-73.98117167,11,4,23,31,10.60,65840,NA,NA,NA,NA,NA,NA,NA,NA,NA,NA,NA,NA,NA,7070,-41
147.20,-1.003906,0.00,12419.00,NA,1359.00,1805.00,36.77,0.033,-26.00,26.00,304,135.00,40.82159500,-73.98119167,12,4,23,31,10.80,65865,NA,NA,NA,NA,NA,NA,NA,NA,NA,NA,NA,NA,NA,7075,-41
147.40,-1.003906,0.00,12419.00,NA,1354.00,1800.00,36.77,0.033,-26.00,26.00,304,135.00,40.82160333,-73.98120667,12,4,23,31,11.00,65885,NA,NA,NA,NA,NA,NA,NA,NA,NA,NA,NA,NA,NA,7079,-41
147.60,-0.988281,0.00,12419.00,NA,1349.00,1795.00,36.77,0.033,-26.00,26.00,304,135.00,40.82161167,-73.98122333,13,4,23,31,11.20,65905,NA,NA,NA,NA,NA,NA,NA,NA,NA,NA,NA,NA,NA,7083,-41
148.00,-0.988281,0.00,12419.00,NA,1338.00,1784.00,36.77,0.033,-26.00,26.00,304,135.00,40.82162667,-73.98125500,13,4,23,31,11.60,65945,NA,NA,NA,NA,NA,NA,NA,NA,NA,NA,NA,NA,NA,7091,-41
148.20,-0.988281,0.00,12419.00,NA,1333.00,1779.00,36.77,0.033,-26.00,26.00,304,135.00,40.82163500,-73.98127000,14,4,23,31,11.80,65965,NA,NA,NA,NA,NA,NA,NA,NA,NA,NA,NA,NA,NA,7095,-41
148.40,-1.019531,0.00,12419.00,NA,1328.00,1774.00,36.77,0.033,-26.00,26.00,304,135.00,40.82164333,-73.98128500,13,4,23,31,12.00,65985,NA,NA,NA,NA,NA,NA,NA,NA,NA,NA,NA,NA,NA,7099,-41
148.60,-1.019531,0.00,12419.00,NA,1323.00,1769.00,36.77,0.033,-26.00,26.00,304,135.00,40.82165167,-73.98130167,12,4,23,31,12.20,66005,NA,NA,NA,NA,NA,NA,NA,NA,NA,NA,NA,NA,NA,7104,-41
149.00,-0.988281,0.00,12419.00,NA,1312.00,1758.00,36.77,0.033,-26.00,26.00,304,135.00,40.82166667,-73.98133167,12,4,23,31,12.60,66045,NA,NA,NA,NA,NA,NA,NA,NA,NA,NA,NA,NA,NA,7111,-41
149.20,-1.003906,0.00,12419.00,NA,1307.00,1753.00,36.77,0.033,-26.00,26.00,304,135.00,40.82167500,-73.98134833,11,4,23,31,12.80,66065,NA,NA,NA,NA,NA,NA,NA,NA,NA,NA,NA,NA,NA,7116,-41
149.40,-1.019531,0.00,12419.00,NA,1302.00,1748.00,36.77,0.033,-26.00,26.00,304,135.00,40.82168333,-73.98136333,11,4,23,31,13.00,66085,NA,NA,NA,NA,NA,NA,NA,NA,NA,NA,NA,NA,NA,7120,-41
149.60,-1.003906,0.00,12419.00,NA,1297.00,1743.00,36.77,0.033,-26.00,26.00,304,135.00,40.82169167,-73.98138000,12,4,23,31,13.20,66105,NA,NA,NA,NA,NA,NA,NA,NA,NA,NA,NA,NA,NA,7124,-41
150.00,-0.972656,0.00,12419.00,NA,1286.00,1732.00,36.77,0.033,-26.00,26.00,304,135.00,40.82170667,-73.98141000,13,4,23,31,13.60,66145,NA,NA,NA,NA,NA,NA,NA,NA,NA,NA,NA,NA,NA,7128,-41
150.20,-1.019531,0.00,12419.00,NA,1281.00,1727.00,36.77,0.033,-26.00,26.00,304,135.00,40.82171500,-73.98142667,14,4,23,31,13.80,66165,NA,NA,NA,NA,NA,NA,NA,NA,NA,NA,NA,NA,NA,7132,-41
150.40,-0.988281,0.00,12419.00,NA,1276.00,1722.00,36.77,0.033,-26.00,26.00,304,135.00,40.82172333,-73.98144167,11,4,23,31,14.00,66185,NA,NA,NA,NA,NA,NA,NA,NA,NA,NA,NA,NA,NA,7136,-41
150.60,-0.972656,0.00,12419.00,NA,1271.00,1717.00,36.77,0.033,-26.00,26.00,304,135.00,40.82173000,-73.98145667,13,4,23,31,14.20,66205,NA,NA,NA,NA,NA,NA,NA,NA,NA,NA,NA,NA,NA,7140,-40
151.00,-0.988281,0.00,12419.00,NA,1260.00,1706.00,36.77,0.033,-26.00,26.00,304,135.00,40.82174667,-73.98148833,14,4,23,31,14.60,66245,NA,NA,NA,NA,NA,NA,NA,NA,NA,NA,NA,NA,NA,7148,-41
151.20,-0.937500,0.00,12419.00,NA,1255.00,1701.00,36.77,0.033,-26.00,26.00,304,135.00,40.82175500,-73.98150500,14,4,23,31,14.80,66265,NA,NA,NA,NA,NA,NA,NA,NA,NA,NA,NA,NA,NA,7153,-41
151.40,-1.003906,0.00,12419.00,NA,1250.00,1696.00,36.77,0.033,-26.00,26.00,304,135.00,40.82176333,-73.98152000,14,4,23,31,15.00,66285,NA,NA,NA,NA,NA,NA,NA,NA,NA,NA,NA,NA,NA,7156,-41
151.60,-1.019531,0.00,12419.00,NA,1245.00,1691.00,36.77,0.033,-26.00,26.00,304,135.00,40.82177000,-73.98153500,14,4,23,31,15.20,66305,NA,NA,NA,NA,NA,NA,NA,NA,NA,NA,NA,NA,NA,7160,-41
152.00,-1.003906,0.00,12419.00,NA,1234.00,1680.00,36.77,0.033,-26.00,26.00,304,135.00,40.82178667,-73.98156667,14,4,23,31,15.60,66345,NA,NA,NA,NA,NA,NA,NA,NA,NA,NA,NA,NA,NA,7168,-41
152.20,-0.988281,0.00,12419.00,NA,1229.00,1675.00,36.77,0.033,-26.00,26.00,304,135.00,40.82179500,-73.98158167,14,4,23,31,15.80,66365,NA,NA,NA,NA,NA,NA,NA,NA,NA,NA,NA,NA,NA,7172,-41
152.40,-0.988281,0.00,12419.00,NA,1224.00,1670.00,36.77,0.033,-26.00,26.00,304,135.00,40.82180167,-73.98159833,13,4,23,31,16.00,66385,NA,NA,NA,NA,NA,NA,NA,NA,NA,NA,NA,NA,NA,7176,-41
152.60,-0.988281,0.00,12419.00,NA,1219.00,1665.00,36.77,0.033,-26.00,26.00,304,135.00,40.82181000,-73.98161333,13,4,23,31,16.20,66405,NA,NA,NA,NA,NA,NA,NA,NA,NA,NA,NA,NA,NA,7180,-41
153.00,-1.003906,0.00,12419.00,NA,1208.00,1654.00,36.77,0.033,-26.00,26.00,304,135.00,40.82182667,-73.98164500,13,4,23,31,16.60,66445,NA,NA,NA,NA,NA,NA,NA,NA,NA,NA,NA,NA,NA,7189,-41
153.20,-1.003906,0.00,12419.00,NA,1203.00,1649.00,36.77,0.033,-26.00,26.00,304,135.00,40.82183500,-73.98166000,13,4,23,31,16.80,66465,NA,NA,NA,NA,NA,NA,NA,NA,NA,NA,NA,NA,NA,7193,-41
153.40,-0.988281,0.00,12419.00,NA,1198.00,1644.00,36.77,0.033,-26.00,26.00,304,135.00,40.82184167,-73.98167667,12,4,23,31,17.00,66485,NA,NA,NA,NA,NA,NA,NA,NA,NA,NA,NA,NA,NA,7197,-41
153.60,-0.988281,0.00,12419.00,NA,1193.00,1639.00,36.77,0.033,-26.00,26.00,304,135.00,40.82185000,-73.98169167,13,4,23,31,17.20,66505,NA,NA,NA,NA,NA,NA,NA,NA,NA,NA,NA,NA,NA,7201,-41
154.00,-0.988281,0.00,12419.00,NA,1182.00,1628.00,36.77,0.033,-26.00,26.00,304,135.00,40.82186667,-73.98172333,14,4,23,31,17.60,66545,NA,NA,NA,NA,NA,NA,NA,NA,NA,NA,NA,NA,NA,7210,-41
154.20,-0.988281,0.00,12419.00,NA,1177.00,1623.00,36.77,0.033,-26.00,26.00,304,135.00,40.82187333,-73.98173833,14,4,23,31,17.80,66565,NA,NA,NA,NA,NA,NA,NA,NA,NA,NA,NA,NA,NA,7213,-41
154.45,-0.988281,0.00,12419.00,NA,1171.00,1617.00,36.77,0.033,-26.00,26.00,304,135.00,40.82188333,-73.98175833,14,4,23,31,18.00,66590,NA,NA,NA,NA,NA,NA,NA,NA,NA,NA,NA,NA,NA,7218,-41
154.65,-1.003906,0.00,12419.00,NA,1165.00,1611.00,36.77,0.033,-26.00,26.00,304,135.00,40.82189167,-73.98177333,14,4,23,31,18.20,66610,NA,NA,NA,NA,NA,NA,NA,NA,NA,NA,NA,NA,NA,7223,-41
155.00,-0.988281,0.00,12419.00,NA,1156.00,1602.00,36.77,0.033,-26.00,26.00,304,135.00,40.82190667,-73.98180167,14,4,23,31,18.60,66645,NA,NA,NA,NA,NA,NA,NA,NA,NA,NA,NA,NA,NA,7230,-41
155.20,-0.988281,0.00,12419.00,NA,1151.00,1597.00,36.77,0.033,-26.00,26.00,304,135.00,40.82191333,-73.98181667,14,4,23,31,18.80,66665,NA,NA,NA,NA,NA,NA,NA,NA,NA,NA,NA,NA,NA,7234,-41
155.45,-1.003906,0.00,12419.00,NA,1145.00,1591.00,36.77,0.033,-26.00,26.00,304,135.00,40.82192333,-73.98183667,14,4,23,31,19.00,66690,NA,NA,NA,NA,NA,NA,NA,NA,NA,NA,NA,NA,NA,7239,-40
155.60,-0.988281,0.00,12419.00,NA,1141.00,1587.00,36.77,0.033,-26.00,26.00,304,135.00,40.82193000,-73.98184833,14,4,23,31,19.20,66705,NA,NA,NA,NA,NA,NA,NA,NA,NA,NA,NA,NA,NA,7242,-41
156.05,-0.988281,0.00,12419.00,NA,1129.00,1575.00,36.77,0.033,-26.00,26.00,304,135.00,40.82194833,-73.98188333,14,4,23,31,19.60,66750,NA,NA,NA,NA,NA,NA,NA,NA,NA,NA,NA,NA,NA,7252,-41
156.20,-1.003906,0.00,12419.00,NA,1125.00,1571.00,36.77,0.033,-26.00,26.00,304,135.00,40.82195333,-73.98189500,14,4,23,31,19.80,66765,NA,NA,NA,NA,NA,NA,NA,NA,NA,NA,NA,NA,NA,7255,-41
156.45,-1.003906,0.00,12419.00,NA,1119.00,1565.00,36.77,0.033,-26.00,26.00,304,135.00,40.82196333,-73.98191500,13,4,23,31,20.00,66790,NA,NA,NA,NA,NA,NA,NA,NA,NA,NA,NA,NA,NA,7260,-41
156.65,-0.988281,0.00,12419.00,NA,1113.00,1559.00,36.77,0.033,-26.00,26.00,304,135.00,40.82197167,-73.98193000,15,4,23,31,20.20,66810,NA,NA,NA,NA,NA,NA,NA,NA,NA,NA,NA,NA,NA,7264,-41
157.00,-0.988281,0.00,12419.00,NA,1104.00,1550.00,36.77,0.033,-26.00,26.00,304,135.00,40.82198500,-73.98195667,15,4,23,31,20.60,66845,NA,NA,NA,NA,NA,NA,NA,NA,NA,NA,NA,NA,NA,7271,-41
157.25,-0.988281,0.00,12419.00,NA,1098.00,1544.00,36.77,0.033,-26.00,26.00,304,135.00,40.82199500,-73.98197667,15,4,23,31,20.80,66870,NA,NA,NA,NA,NA,NA,NA,NA,NA,NA,NA,NA,NA,7277,-41
157.45,-1.003906,0.00,12419.00,NA,1093.00,1539.00,36.77,0.033,-26.00,26.00,304,135.00,40.82200333,-73.98199333,15,4,23,31,21.00,66890,NA,NA,NA,NA,NA,NA,NA,NA,NA,NA,NA,NA,NA,7280,-41
157.60,-1.003906,0.00,12419.00,NA,1089.00,1535.00,36.77,0.033,-26.00,26.00,304,135.00,40.82201000,-73.98200500,15,4,23,31,21.20,66905,NA,NA,NA,NA,NA,NA,NA,NA,NA,NA,NA,NA,NA,7284,-40
158.00,-0.972656,0.00,12419.00,NA,1078.00,1524.00,36.77,0.033,-26.00,26.00,304,135.00,40.82202500,-73.98203500,15,4,23,31,21.60,66945,NA,NA,NA,NA,NA,NA,NA,NA,NA,NA,NA,NA,NA,7292,-41
158.20,-1.003906,0.00,12419.00,NA,1073.00,1519.00,36.77,0.033,-26.00,26.00,304,135.00,40.82203333,-73.98205167,14,4,23,31,21.80,66965,NA,NA,NA,NA,NA,NA,NA,NA,NA,NA,NA,NA,NA,7297,-41
158.45,-1.003906,0.00,12419.00,NA,1067.00,1513.00,36.77,0.033,-26.00,26.00,304,135.00,40.82204333,-73.98207000,14,4,23,31,22.00,66990,NA,NA,NA,NA,NA,NA,NA,NA,NA,NA,NA,NA,NA,7301,-41
158.65,-1.003906,0.00,12419.00,NA,1061.00,1507.00,36.77,0.033,-26.00,26.00,304,135.00,40.82205167,-73.98208667,15,4,23,31,22.20,67010,NA,NA,NA,NA,NA,NA,NA,NA,NA,NA,NA,NA,NA,7305,-41
159.05,-0.988281,0.00,12419.00,NA,1051.00,1497.00,36.77,0.033,-26.00,26.00,304,135.00,40.82206667,-73.98211833,16,4,23,31,22.60,67050,NA,NA,NA,NA,NA,NA,NA,NA,NA,NA,NA,NA,NA,7314,-41
159.25,-1.019531,0.00,12419.00,NA,1046.00,1492.00,36.77,0.033,-26.00,26.00,304,135.00,40.82207500,-73.98213333,15,4,23,31,22.80,67070,NA,NA,NA,NA,NA,NA,NA,NA,NA,NA,NA,NA,NA,7318,-41
159.40,-0.988281,0.00,12419.00,NA,1042.00,1488.00,36.77,0.033,-26.00,26.00,304,135.00,40.82208167,-73.98214500,11,4,23,31,23.00,67085,NA,NA,NA,NA,NA,NA,NA,NA,NA,NA,NA,NA,NA,7321,-41
159.60,-1.003906,0.00,12419.00,NA,1037.00,1483.00,36.77,0.033,-26.00,26.00,304,135.00,40.82208833,-73.98216000,13,4,23,31,23.20,67105,NA,NA,NA,NA,NA,NA,NA,NA,NA,NA,NA,NA,NA,7325,-41
160.00,-0.988281,0.00,12419.00,NA,1026.00,1472.00,36.77,0.033,-26.00,26.00,304,135.00,40.82210500,-73.98219167,13,4,23,31,23.60,67145,NA,NA,NA,NA,NA,NA,NA,NA,NA,NA,NA,NA,NA,7334,-41
160.20,-0.988281,0.00,12419.00,NA,1021.00,1467.00,36.77,0.033,-26.00,26.00,304,135.00,40.82211333,-73.98220667,13,4,23,31,23.80,67165,NA,NA,NA,NA,NA,NA,NA,NA,NA,NA,NA,NA,NA,7338,-41
160.40,-0.988281,0.00,12419.00,NA,1016.00,1462.00,36.77,0.033,-26.00,26.00,304,135.00,40.82212167,-73.98222333,13,4,23,31,24.00,67185,NA,NA,NA,NA,NA,NA,NA,NA,NA,NA,NA,NA,NA,7342,-41
160.60,-1.003906,0.00,12419.00,NA,1011.00,1457.00,36.77,0.033,-26.00,26.00,304,135.00,40.82212833,-73.98223833,12,4,23,31,24.20,67205,NA,NA,NA,NA,NA,NA,NA,NA,NA,NA,NA,NA,NA,7346,-41
161.00,-0.988281,0.00,12419.00,NA,1000.00,1446.00,36.77,0.033,-26.00,26.00,304,135.00,40.82214500,-73.98227000,14,4,23,31,24.60,67245,NA,NA,NA,NA,NA,NA,NA,NA,NA,NA,NA,NA,NA,7355,-41
161.20,-1.003906,0.00,12419.00,NA,995.00,1441.00,36.77,0.033,-26.00,26.00,304,135.00,40.82215333,-73.98228500,14,4,23,31,24.80,67265,NA,NA,NA,NA,NA,NA,NA,NA,NA,NA,NA,NA,NA,7359,-41
161.40,-1.003906,0.00,12419.00,NA,990.00,1436.00,36.77,0.033,-26.00,26.00,304,135.00,40.82216000,-73.98230167,14,4,23,31,25.00,67285,NA,NA,NA,NA,NA,NA,NA,NA,NA,NA,NA,NA,NA,7363,-41
161.60,-0.972656,0.00,12419.00,NA,985.00,1431.00,36.77,0.033,-26.00,26.00,304,135.00,40.82216833,-73.98231667,14,4,23,31,25.20,67305,NA,NA,NA,NA,NA,NA,NA,NA,NA,NA,NA,NA,NA,7368,-41
162.00,-0.972656,0.00,12419.00,NA,974.00,1420.00,36.77,0.033,-26.00,26.00,304,135.00,40.82218500,-73.98234833,14,4,23,31,25.60,67345,NA,NA,NA,NA,NA,NA,NA,NA,NA,NA,NA,NA,NA,7377,-41
162.20,-1.003906,0.00,12419.00,NA,969.00,1415.00,36.77,0.033,-26.00,26.00,304,135.00,40.82219333,-73.98236333,14,4,23,31,25.80,67365,NA,NA,NA,NA,NA,NA,NA,NA,NA,NA,NA,NA,NA,7381,-41
162.40,-0.988281,0.00,12419.00,NA,964.00,1410.00,36.77,0.033,-26.00,26.00,304,135.00,40.82220000,-73.98238000,13,4,23,31,26.00,67385,NA,NA,NA,NA,NA,NA,NA,NA,NA,NA,NA,NA,NA,7386,-41
162.60,-1.003906,0.00,12419.00,NA,959.00,1405.00,36.77,0.033,-26.00,26.00,304,135.00,40.82220833,-73.98239500,14,4,23,31,26.20,67405,NA,NA,NA,NA,NA,NA,NA,NA,NA,NA,NA,NA,NA,7390,-41
163.00,-0.988281,0.00,12419.00,NA,948.00,1394.00,36.77,0.033,-26.00,26.00,304,135.00,40.82222500,-73.98242667,15,4,23,31,26.60,67445,NA,NA,NA,NA,NA,NA,NA,NA,NA,NA,NA,NA,NA,7399,-41
163.20,-1.003906,0.00,12419.00,NA,943.00,1389.00,36.77,0.033,-26.00,26.00,304,135.00,40.82223167,-73.98244167,15,4,23,31,26.80,67465,NA,NA,NA,NA,NA,NA,NA,NA,NA,NA,NA,NA,NA,7403,-41
163.40,-1.003906,0.00,12419.00,NA,938.00,1384.00,36.77,0.033,-26.00,26.00,304,135.00,40.82224000,-73.98245667,15,4,23,31,27.00,67485,NA,NA,NA,NA,NA,NA,NA,NA,NA,NA,NA,NA,NA,7408,-41
163.60,-1.003906,0.00,12419.00,NA,933.00,1379.00,36.77,0.033,-26.00,26.00,304,135.00,40.82224833,-73.98247333,15,4,23,31,27.20,67505,NA,NA,NA,NA,NA,NA,NA,NA,NA,NA,NA,NA,NA,7412,-41
164.05,-0.988281,0.00,12419.00,NA,921.00,1367.00,36.77,0.033,-26.00,26.00,304,135.00,40.82226667,-73.98250833,14,4,23,31,27.60,67550,NA,NA,NA,NA,NA,NA,NA,NA,NA,NA,NA,NA,NA,7422,-41
164.25,-1.003906,0.00,12419.00,NA,916.00,1362.00,36.77,0.033,-26.00,26.00,304,135.00,40.82227500,-73.98252333,15,4,23,31,27.80,67570,NA,NA,NA,NA,NA,NA,NA,NA,NA,NA,NA,NA,NA,7427,-41
164.45,-1.003906,0.00,12419.00,NA,911.00,1357.00,36.77,0.033,-26.00,26.00,304,135.00,40.82228167,-73.98254000,15,4,23,31,28.00,67590,NA,NA,NA,NA,NA,NA,NA,NA,NA,NA,NA,NA,NA,7431,-41
164.60,-0.988281,0.00,12419.00,NA,907.00,1353.00,36.77,0.033,-26.00,26.00,304,135.00,40.82228833,-73.98255167,13,4,23,31,28.20,67605,NA,NA,NA,NA,NA,NA,NA,NA,NA,NA,NA,NA,NA,7435,-41
165.00,-1.003906,0.00,12419.00,NA,896.00,1342.00,36.77,0.033,-26.00,26.00,304,135.00,40.82230333,-73.98258167,15,4,23,31,28.60,67645,NA,NA,NA,NA,NA,NA,NA,NA,NA,NA,NA,NA,NA,7443,-41
165.20,-1.003906,0.00,12419.00,NA,891.00,1337.00,36.77,0.033,-26.00,26.00,304,135.00,40.82231167,-73.98259833,15,4,23,31,28.80,67665,NA,NA,NA,NA,NA,NA,NA,NA,NA,NA,NA,NA,NA,7448,-41
165.45,-0.988281,0.00,12419.00,NA,885.00,1331.00,36.77,0.033,-26.00,26.00,304,135.00,40.82232167,-73.98261833,14,4,23,31,29.00,67690,NA,NA,NA,NA,NA,NA,NA,NA,NA,NA,NA,NA,NA,7454,-41
165.65,-0.972656,0.00,12419.00,NA,879.00,1325.00,36.77,0.033,-26.00,26.00,304,135.00,40.82233000,-73.98263333,15,4,23,31,29.20,67710,NA,NA,NA,NA,NA,NA,NA,NA,NA,NA,NA,NA,NA,7458,-41
166.00,-0.957031,0.00,12419.00,NA,870.00,1316.00,36.77,0.033,-26.00,26.00,304,135.00,40.82234333,-73.98266000,14,4,23,31,29.60,67745,NA,NA,NA,NA,NA,NA,NA,NA,NA,NA,NA,NA,NA,7466,-41
166.20,-1.019531,0.00,12419.00,NA,865.00,1311.00,36.77,0.033,-26.00,26.00,304,135.00,40.82235167,-73.98267667,14,4,23,31,29.80,67765,NA,NA,NA,NA,NA,NA,NA,NA,NA,NA,NA,NA,NA,7471,-41
166.40,-1.019531,0.00,12419.00,NA,860.00,1306.00,36.77,0.033,-26.00,26.00,304,135.00,40.82236000,-73.98269167,13,4,23,31,30.00,67785,NA,NA,NA,NA,NA,NA,NA,NA,NA,NA,NA,NA,NA,7475,-41
166.60,-1.003906,0.00,12419.00,NA,855.00,1301.00,36.77,0.033,-26.00,26.00,304,135.00,40.82236833,-73.98270667,12,4,23,31,30.20,67805,NA,NA,NA,NA,NA,NA,NA,NA,NA,NA,NA,NA,NA,7480,-41
167.00,-0.988281,0.00,12419.00,NA,844.00,1290.00,36.77,0.033,-26.00,26.00,304,135.00,40.82238333,-73.98273833,13,4,23,31,30.60,67845,NA,NA,NA,NA,NA,NA,NA,NA,NA,NA,NA,NA,NA,7489,-41
167.20,-1.003906,0.00,12419.00,NA,839.00,1285.00,36.77,0.033,-26.00,26.00,304,135.00,40.82239167,-73.98275500,11,4,23,31,30.80,67865,NA,NA,NA,NA,NA,NA,NA,NA,NA,NA,NA,NA,NA,7494,-41
167.40,-0.957031,0.00,12419.00,NA,834.00,1280.00,36.77,0.033,-26.00,26.00,304,135.00,40.82240000,-73.98277000,11,4,23,31,31.00,67885,NA,NA,NA,NA,NA,NA,NA,NA,NA,NA,NA,NA,NA,7498,-41
167.65,-0.988281,0.00,12419.00,NA,827.00,1273.00,36.77,0.033,-26.00,26.00,304,135.00,40.82241000,-73.98279000,13,4,23,31,31.20,67910,NA,NA,NA,NA,NA,NA,NA,NA,NA,NA,NA,NA,NA,7504,-41
168.00,-1.003906,0.00,12419.00,NA,818.00,1264.00,36.77,0.033,-26.00,26.00,304,135.00,40.82242333,-73.98281667,12,4,23,31,31.60,67945,NA,NA,NA,NA,NA,NA,NA,NA,NA,NA,NA,NA,NA,7512,-40
168.20,-0.988281,0.00,12419.00,NA,813.00,1259.00,36.77,0.033,-26.00,26.00,304,135.00,40.82243167,-73.98283167,12,4,23,31,31.80,67965,NA,NA,NA,NA,NA,NA,NA,NA,NA,NA,NA,NA,NA,7516,-40
168.40,-0.988281,0.00,12419.00,NA,808.00,1254.00,36.77,0.033,-26.00,26.00,304,135.00,40.82244000,-73.98284833,10,4,23,31,32.00,67985,NA,NA,NA,NA,NA,NA,NA,NA,NA,NA,NA,NA,NA,7521,-41
168.55,-0.988281,0.00,12419.00,NA,804.00,1250.00,36.77,0.033,-26.00,26.00,304,135.00,40.82244500,-73.98286000,11,4,23,31,32.20,68000,NA,NA,NA,NA,NA,NA,NA,NA,NA,NA,NA,NA,NA,7524,-41
169.00,-0.988281,0.00,12419.00,NA,792.00,1238.00,36.77,0.033,-26.00,26.00,304,135.00,40.82246333,-73.98289500,12,4,23,31,32.60,68045,NA,NA,NA,NA,NA,NA,NA,NA,NA,NA,NA,NA,NA,7535,-41
169.20,-0.988281,0.00,12419.00,NA,787.00,1233.00,36.77,0.033,-26.00,26.00,304,135.00,40.82247167,-73.98291000,12,4,23,31,32.80,68065,NA,NA,NA,NA,NA,NA,NA,NA,NA,NA,NA,NA,NA,7539,-41
169.40,-1.003906,0.00,12419.00,NA,782.00,1228.00,36.77,0.033,-26.00,26.00,304,135.00,40.82248000,-73.98292667,12,4,23,31,33.00,68085,NA,NA,NA,NA,NA,NA,NA,NA,NA,NA,NA,NA,NA,7544,-41
169.60,-0.988281,0.00,12419.00,NA,777.00,1223.00,36.77,0.033,-26.00,26.00,304,135.00,40.82248667,-73.98294167,12,4,23,31,33.20,68105,NA,NA,NA,NA,NA,NA,NA,NA,NA,NA,NA,NA,NA,7548,-41
169.95,-0.988281,0.00,12419.00,NA,768.00,1214.00,36.77,0.033,-26.00,26.00,304,135.00,40.82250167,-73.98296833,12,4,23,31,33.60,68140,NA,NA,NA,NA,NA,NA,NA,NA,NA,NA,NA,NA,NA,7557,-41
170.20,-0.988281,0.00,12419.00,NA,761.00,1207.00,36.77,0.033,-26.00,26.00,304,135.00,40.82251167,-73.98298833,12,4,23,31,33.80,68165,NA,NA,NA,NA,NA,NA,NA,NA,NA,NA,NA,NA,NA,7562,-41
170.40,-1.003906,0.00,12419.00,NA,756.00,1202.00,36.77,0.033,-26.00,26.00,304,135.00,40.82251833,-73.98300500,12,4,23,31,34.00,68185,NA,NA,NA,NA,NA,NA,NA,NA,NA,NA,NA,NA,NA,7567,-41
170.60,-1.003906,0.00,12419.00,NA,751.00,1197.00,36.77,0.033,-26.00,26.00,304,135.00,40.82252667,-73.98302000,11,4,23,31,34.20,68205,NA,NA,NA,NA,NA,NA,NA,NA,NA,NA,NA,NA,NA,7572,-41
171.00,-0.988281,0.00,12419.00,NA,740.00,1186.00,36.77,0.033,-26.00,26.00,304,135.00,40.82254333,-73.98305167,12,4,23,31,34.60,68245,NA,NA,NA,NA,NA,NA,NA,NA,NA,NA,NA,NA,NA,7581,-41
171.20,-0.988281,0.00,12419.00,NA,735.00,1181.00,36.77,0.033,-26.00,26.00,304,135.00,40.82255167,-73.98306667,12,4,23,31,34.80,68265,NA,NA,NA,NA,NA,NA,NA,NA,NA,NA,NA,NA,NA,7586,-41
171.35,-1.003906,0.00,12419.00,NA,731.00,1177.00,36.77,0.033,-26.00,26.00,304,135.00,40.82255667,-73.98307833,7,4,23,31,35.00,68280,NA,NA,NA,NA,NA,NA,NA,NA,NA,NA,NA,NA,NA,7589,-41
171.60,-0.972656,0.00,12419.00,NA,725.00,1171.00,36.77,0.033,-26.00,26.00,304,135.00,40.82256667,-73.98309833,11,4,23,31,35.20,68305,NA,NA,NA,NA,NA,NA,NA,NA,NA,NA,NA,NA,NA,7595,-41
171.95,-0.988281,0.00,12419.00,NA,716.00,1162.00,36.77,0.033,-26.00,26.00,304,135.00,40.82258000,-73.98312500,10,4,23,31,35.60,68340,NA,NA,NA,NA,NA,NA,NA,NA,NA,NA,NA,NA,NA,7603,-41
172.20,-1.003906,0.00,12419.00,NA,709.00,1155.00,36.77,0.033,-26.00,26.00,304,135.00,40.82259000,-73.98314500,10,4,23,31,35.80,68365,NA,NA,NA,NA,NA,NA,NA,NA,NA,NA,NA,NA,NA,7609,-41
172.40,-0.972656,0.00,12419.00,NA,704.00,1150.00,36.77,0.033,-26.00,26.00,304,135.00,40.82259833,-73.98316000,11,4,23,31,36.00,68385,NA,NA,NA,NA,NA,NA,NA,NA,NA,NA,NA,NA,NA,7613,-41
172.55,-1.003906,0.00,12419.00,NA,700.00,1146.00,36.77,0.033,-26.00,26.00,304,135.00,40.82260500,-73.98317167,11,4,23,31,36.20,68400,NA,NA,NA,NA,NA,NA,NA,NA,NA,NA,NA,NA,NA,7617,-40
173.00,-1.003906,0.00,12419.00,NA,688.00,1134.00,36.77,0.033,-26.00,26.00,304,135.00,40.82262167,-73.98320667,11,4,23,31,36.60,68445,NA,NA,NA,NA,NA,NA,NA,NA,NA,NA,NA,NA,NA,7627,-41
173.20,-1.019531,0.00,12419.00,NA,683.00,1129.00,36.77,0.033,-26.00,26.00,304,135.00,40.82263000,-73.98322333,11,4,23,31,36.80,68465,NA,NA,NA,NA,NA,NA,NA,NA,NA,NA,NA,NA,NA,7632,-41
173.40,-0.988281,0.00,12419.00,NA,678.00,1124.00,36.77,0.033,-26.00,26.00,304,135.00,40.82263833,-73.98323833,11,4,23,31,37.00,68485,NA,NA,NA,NA,NA,NA,NA,NA,NA,NA,NA,NA,NA,7637,-41
173.60,-0.988281,0.00,12419.00,NA,673.00,1119.00,36.77,0.033,-26.00,26.00,304,135.00,40.82264667,-73.98325500,11,4,23,31,37.20,68505,NA,NA,NA,NA,NA,NA,NA,NA,NA,NA,NA,NA,NA,7623,-41
174.00,-0.988281,0.00,12419.00,NA,662.00,1108.00,36.77,0.033,-26.00,26.00,304,135.00,40.82266167,-73.98328500,11,4,23,31,37.60,68545,NA,NA,NA,NA,NA,NA,NA,NA,NA,NA,NA,NA,NA,7631,-41
174.15,-1.019531,0.00,12419.00,NA,658.00,1104.00,36.77,0.033,-26.00,26.00,304,135.00,40.82266833,-73.98329667,11,4,23,31,37.80,68560,NA,NA,NA,NA,NA,NA,NA,NA,NA,NA,NA,NA,NA,7635,-41
174.35,-0.988281,0.00,12419.00,NA,653.00,1099.00,36.77,0.033,-26.00,26.00,304,135.00,40.82267667,-73.98331333,10,4,23,31,38.00,68580,NA,NA,NA,NA,NA,NA,NA,NA,NA,NA,NA,NA,NA,7640,-41
174.55,-1.019531,0.00,12419.00,NA,648.00,1094.00,36.77,0.033,-26.00,26.00,304,135.00,40.82268500,-73.98332833,11,4,23,31,38.20,68600,NA,NA,NA,NA,NA,NA,NA,NA,NA,NA,NA,NA,NA,7644,-41
175.00,-0.988281,0.00,12419.00,NA,636.00,1082.00,36.77,0.033,-26.00,26.00,304,135.00,40.82270167,-73.98336333,11,4,23,31,38.60,68645,NA,NA,NA,NA,NA,NA,NA,NA,NA,NA,NA,NA,NA,7655,-41
175.15,-0.988281,0.00,12419.00,NA,632.00,1078.00,36.77,0.033,-26.00,26.00,304,135.00,40.82270833,-73.98337500,11,4,23,31,38.80,68660,NA,NA,NA,NA,NA,NA,NA,NA,NA,NA,NA,NA,NA,7658,-41
175.40,-1.003906,0.00,12419.00,NA,626.00,1072.00,36.77,0.033,-26.00,26.00,304,135.00,40.82271833,-73.98339500,11,4,23,31,39.00,68685,NA,NA,NA,NA,NA,NA,NA,NA,NA,NA,NA,NA,NA,7664,-41
175.60,-0.988281,0.00,12419.00,NA,621.00,1067.00,36.77,0.033,-26.00,26.00,304,135.00,40.82272667,-73.98341000,12,4,23,31,39.20,68705,NA,NA,NA,NA,NA,NA,NA,NA,NA,NA,NA,NA,NA,7668,-41
176.00,-0.972656,0.00,12419.00,NA,610.00,1056.00,36.77,0.033,-26.00,26.00,304,135.00,40.82274167,-73.98344167,12,4,23,31,39.60,68745,NA,NA,NA,NA,NA,NA,NA,NA,NA,NA,NA,NA,NA,7678,-41
176.20,-1.003906,0.00,12419.00,NA,605.00,1051.00,36.77,0.033,-26.00,26.00,304,135.00,40.82275000,-73.98345667,12,4,23,31,39.80,68765,NA,NA,NA,NA,NA,NA,NA,NA,NA,NA,NA,NA,NA,7682,-41
176.35,-0.988281,0.00,12419.00,NA,601.00,1047.00,36.77,0.033,-26.00,26.00,304,135.00,40.82275667,-73.98346833,12,4,23,31,40.00,68780,NA,NA,NA,NA,NA,NA,NA,NA,NA,NA,NA,NA,NA,7685,-41
176.60,-1.019531,0.00,12419.00,NA,595.00,1041.00,36.77,0.033,-26.00,26.00,304,135.00,40.82276500,-73.98348833,13,4,23,31,40.20,68805,NA,NA,NA,NA,NA,NA,NA,NA,NA,NA,NA,NA,NA,7691,-41
176.95,-0.988281,0.00,12419.00,NA,586.00,1032.00,36.77,0.033,-26.00,26.00,304,135.00,40.82278000,-73.98351667,13,4,23,31,40.60,68840,NA,NA,NA,NA,NA,NA,NA,NA,NA,NA,NA,NA,NA,7699,-41
177.20,-0.988281,0.00,12419.00,NA,579.00,1025.00,36.77,0.033,-26.00,26.00,304,135.00,40.82279000,-73.98353500,13,4,23,31,40.80,68865,NA,NA,NA,NA,NA,NA,NA,NA,NA,NA,NA,NA,NA,7705,-41
177.40,-1.003906,0.00,12419.00,NA,574.00,1020.00,36.77,0.033,-26.00,26.00,304,135.00,40.82279833,-73.98355167,12,4,23,31,41.00,68885,NA,NA,NA,NA,NA,NA,NA,NA,NA,NA,NA,NA,NA,7709,-41
177.60,-1.003906,0.00,12419.00,NA,569.00,1015.00,36.77,0.033,-26.00,26.00,304,135.00,40.82280500,-73.98356667,13,4,23,31,41.20,68905,NA,NA,NA,NA,NA,NA,NA,NA,NA,NA,NA,NA,NA,7713,-41
178.00,-1.003906,0.00,12419.00,NA,558.00,1004.00,36.77,0.033,-26.00,26.00,304,135.00,40.82282167,-73.98359833,14,4,23,31,41.60,68945,NA,NA,NA,NA,NA,NA,NA,NA,NA,NA,NA,NA,NA,7723,-41
178.20,-0.988281,0.00,12419.00,NA,553.00,999.00,36.77,0.033,-26.00,26.00,304,135.00,40.82283000,-73.98361333,14,4,23,31,41.80,68965,NA,NA,NA,NA,NA,NA,NA,NA,NA,NA,NA,NA,NA,7728,-41
178.40,-0.988281,0.00,12419.00,NA,548.00,994.00,36.77,0.033,-26.00,26.00,304,135.00,40.82283667,-73.98362833,14,4,23,31,42.00,68985,NA,NA,NA,NA,NA,NA,NA,NA,NA,NA,NA,NA,NA,7731,-41
178.60,-0.988281,0.00,12419.00,NA,543.00,989.00,36.77,0.033,-26.00,26.00,304,135.00,40.82284500,-73.98364500,14,4,23,31,42.20,69005,NA,NA,NA,NA,NA,NA,NA,NA,NA,NA,NA,NA,NA,7736,-41
179.00,-0.988281,0.00,12419.00,NA,532.00,978.00,36.77,0.033,-26.00,26.00,304,135.00,40.82286167,-73.98367667,14,4,23,31,42.60,69045,NA,NA,NA,NA,NA,NA,NA,NA,NA,NA,NA,NA,NA,7746,-41
179.20,-0.988281,0.00,12419.00,NA,527.00,973.00,36.77,0.033,-26.00,26.00,304,135.00,40.82287000,-73.98369167,14,4,23,31,42.80,69065,NA,NA,NA,NA,NA,NA,NA,NA,NA,NA,NA,NA,NA,7751,-41
179.40,-0.988281,0.00,12419.00,NA,522.00,968.00,36.77,0.033,-26.00,26.00,304,135.00,40.82287667,-73.98370667,14,4,23,31,43.00,69085,NA,NA,NA,NA,NA,NA,NA,NA,NA,NA,NA,NA,NA,7754,-40
179.60,-1.003906,0.00,12419.00,NA,517.00,963.00,36.77,0.033,-26.00,26.00,304,135.00,40.82288500,-73.98372333,13,4,23,31,43.20,69105,NA,NA,NA,NA,NA,NA,NA,NA,NA,NA,NA,NA,NA,7759,-41
180.00,-1.003906,0.00,12419.00,NA,506.00,952.00,36.77,0.033,-26.00,26.00,304,135.00,40.82290167,-73.98375333,15,4,23,31,43.60,69145,NA,NA,NA,NA,NA,NA,NA,NA,NA,NA,NA,NA,NA,7768,-41
180.20,-1.003906,0.00,12419.00,NA,501.00,947.00,36.77,0.033,-26.00,26.00,304,135.00,40.82290833,-73.98377000,14,4,23,31,43.80,69165,NA,NA,NA,NA,NA,NA,NA,NA,NA,NA,NA,NA,NA,7773,-41
180.40,-1.019531,0.00,12419.00,NA,496.00,942.00,36.77,0.033,-26.00,26.00,304,135.00,40.82291667,-73.98378500,12,4,23,31,44.00,69185,NA,NA,NA,NA,NA,NA,NA,NA,NA,NA,NA,NA,NA,7778,-41
180.60,-1.003906,0.00,12419.00,NA,491.00,937.00,36.77,0.033,-26.00,26.00,304,135.00,40.82292500,-73.98380167,14,4,23,31,44.20,69205,NA,NA,NA,NA,NA,NA,NA,NA,NA,NA,NA,NA,NA,7783,-41
181.00,-0.988281,0.00,12419.00,NA,480.00,926.00,36.77,0.033,-26.00,26.00,304,135.00,40.82294167,-73.98383167,14,4,23,31,44.60,69245,NA,NA,NA,NA,NA,NA,NA,NA,NA,NA,NA,NA,NA,7793,-41
181.20,-0.988281,0.00,12419.00,NA,475.00,921.00,36.77,0.033,-26.00,26.00,304,135.00,40.82294833,-73.98384833,14,4,23,31,44.80,69265,NA,NA,NA,NA,NA,NA,NA,NA,NA,NA,NA,NA,NA,7797,-41
181.40,-1.003906,0.00,12419.00,NA,470.00,916.00,36.77,0.033,-26.00,26.00,304,135.00,40.82295667,-73.98386333,14,4,23,31,45.00,69285,NA,NA,NA,NA,NA,NA,NA,NA,NA,NA,NA,NA,NA,7802,-41
181.60,-1.003906,0.00,12419.00,NA,465.00,911.00,36.77,0.033,-26.00,26.00,304,135.00,40.82296500,-73.98387833,14,4,23,31,45.20,69305,NA,NA,NA,NA,NA,NA,NA,NA,NA,NA,NA,NA,NA,7807,-41
182.00,-0.988281,0.00,12419.00,NA,454.00,900.00,36.77,0.033,-26.00,26.00,304,135.00,40.82298000,-73.98391000,14,4,23,31,45.60,69345,NA,NA,NA,NA,NA,NA,NA,NA,NA,NA,NA,NA,NA,7817,-41
182.20,-0.957031,0.00,12419.00,NA,449.00,895.00,36.77,0.033,-26.00,26.00,304,135.00,40.82298833,-73.98392667,14,4,23,31,45.80,69365,NA,NA,NA,NA,NA,NA,NA,NA,NA,NA,NA,NA,NA,7822,-41
182.40,-1.003906,0.00,12419.00,NA,444.00,890.00,36.77,0.033,-26.00,26.00,304,135.00,40.82299667,-73.98394167,14,4,23,31,46.00,69385,NA,NA,NA,NA,NA,NA,NA,NA,NA,NA,NA,NA,NA,7827,-41
182.60,-1.003906,0.00,12419.00,NA,439.00,885.00,36.77,0.033,-26.00,26.00,304,135.00,40.82300500,-73.98395667,12,4,23,31,46.20,69405,NA,NA,NA,NA,NA,NA,NA,NA,NA,NA,NA,NA,NA,7831,-41
183.00,-0.988281,0.00,12419.00,NA,428.00,874.00,36.77,0.033,-26.00,26.00,304,135.00,40.82302000,-73.98398833,13,4,23,31,46.60,69445,NA,NA,NA,NA,NA,NA,NA,NA,NA,NA,NA,NA,NA,7841,-41
183.20,-1.003906,0.00,12419.00,NA,423.00,869.00,36.77,0.033,-26.00,26.00,304,135.00,40.82302833,-73.98400333,14,4,23,31,46.80,69465,NA,NA,NA,NA,NA,NA,NA,NA,NA,NA,NA,NA,NA,7846,-41
183.40,-1.003906,0.00,12419.00,NA,418.00,864.00,36.77,0.033,-26.00,26.00,304,135.00,40.82303667,-73.98402000,13,6,23,31,47.00,69485,NA,NA,NA,NA,NA,NA,NA,NA,NA,NA,NA,NA,NA,7851,-41
183.60,-0.988281,0.00,12419.00,NA,413.00,859.00,36.77,0.033,-26.00,26.00,304,135.00,40.82304500,-73.98403500,14,4,23,31,47.20,69505,NA,NA,NA,NA,NA,NA,NA,NA,NA,NA,NA,NA,NA,7856,-41
184.00,-1.003906,0.00,12419.00,NA,402.00,848.00,36.77,0.033,-26.00,26.00,304,135.00,40.82306000,-73.98406667,15,4,23,31,47.60,69545,NA,NA,NA,NA,NA,NA,NA,NA,NA,NA,NA,NA,NA,7866,-41
184.20,-1.003906,0.00,12419.00,NA,397.00,843.00,36.77,0.033,-26.00,26.00,304,135.00,40.82306833,-73.98408167,14,4,23,31,47.80,69565,NA,NA,NA,NA,NA,NA,NA,NA,NA,NA,NA,NA,NA,7870,-41
184.40,-0.988281,0.00,12419.00,NA,392.00,838.00,36.77,0.033,-26.00,26.00,304,135.00,40.82307667,-73.98409833,14,4,23,31,48.00,69585,NA,NA,NA,NA,NA,NA,NA,NA,NA,NA,NA,NA,NA,7876,-41
184.60,-0.988281,0.00,12419.00,NA,387.00,833.00,36.77,0.033,-26.00,26.00,304,135.00,40.82308500,-73.98411333,14,4,23,31,48.20,69605,NA,NA,NA,NA,NA,NA,NA,NA,NA,NA,NA,NA,NA,7881,-41
185.00,-1.003906,0.00,12419.00,NA,376.00,822.00,36.77,0.033,-26.00,26.00,304,135.00,40.82310000,-73.98414500,13,4,23,31,48.60,69645,NA,NA,NA,NA,NA,NA,NA,NA,NA,NA,NA,NA,NA,7890,-41
185.20,-0.972656,0.00,12419.00,NA,371.00,817.00,36.77,0.033,-26.00,26.00,304,135.00,40.82310833,-73.98416000,14,4,23,31,48.80,69665,NA,NA,NA,NA,NA,NA,NA,NA,NA,NA,NA,NA,NA,7895,-41
185.40,-1.003906,0.00,12419.00,NA,366.00,812.00,36.77,0.033,-26.00,26.00,304,135.00,40.82311667,-73.98417667,14,4,23,31,49.00,69685,NA,NA,NA,NA,NA,NA,NA,NA,NA,NA,NA,NA,NA,7900,-41
185.55,-0.988281,0.00,12419.00,NA,362.00,808.00,36.77,0.033,-26.00,26.00,304,135.00,40.82312167,-73.98418833,14,4,23,31,49.20,69700,NA,NA,NA,NA,NA,NA,NA,NA,NA,NA,NA,NA,NA,7904,-41
186.00,-1.003906,0.00,12419.00,NA,350.00,796.00,36.77,0.033,-26.00,26.00,304,135.00,40.82314000,-73.98422333,14,4,23,31,49.60,69745,NA,NA,NA,NA,NA,NA,NA,NA,NA,NA,NA,NA,NA,7915,-41
186.20,-1.003906,0.00,12419.00,NA,345.00,791.00,36.77,0.033,-26.00,26.00,304,135.00,40.82314833,-73.98423833,14,4,23,31,49.80,69765,NA,NA,NA,NA,NA,NA,NA,NA,NA,NA,NA,NA,NA,7920,-41
186.35,-1.003906,0.00,12419.00,NA,341.00,787.00,36.77,0.033,-26.00,26.00,304,135.00,40.82315333,-73.98425000,11,4,23,31,50.00,69780,NA,NA,NA,NA,NA,NA,NA,NA,NA,NA,NA,NA,NA,7923,-41
186.55,-0.988281,0.00,12419.00,NA,336.00,782.00,36.77,0.033,-26.00,26.00,304,135.00,40.82316167,-73.98426500,13,4,23,31,50.20,69800,NA,NA,NA,NA,NA,NA,NA,NA,NA,NA,NA,NA,NA,7921,-41
187.00,-1.019531,0.00,12419.00,NA,324.00,770.00,36.77,0.033,-26.00,26.00,304,135.00,40.82318000,-73.98430167,13,4,23,31,50.60,69845,NA,NA,NA,NA,NA,NA,NA,NA,NA,NA,NA,NA,NA,7932,-41
187.20,-1.019531,0.00,12419.00,NA,319.00,765.00,36.77,0.033,-26.00,26.00,304,135.00,40.82318833,-73.98431667,13,4,23,31,50.80,69865,NA,NA,NA,NA,NA,NA,NA,NA,NA,NA,NA,NA,NA,7937,-41
187.40,-1.019531,0.00,12419.00,NA,314.00,760.00,36.77,0.033,-26.00,26.00,304,135.00,40.82319500,-73.98433167,13,4,23,31,51.00,69885,NA,NA,NA,NA,NA,NA,NA,NA,NA,NA,NA,NA,NA,7941,-41
187.55,-0.972656,0.00,12419.00,NA,310.00,756.00,36.77,0.033,-26.00,26.00,304,135.00,40.82320167,-73.98434333,12,4,23,31,51.20,69900,NA,NA,NA,NA,NA,NA,NA,NA,NA,NA,NA,NA,NA,7945,-41
188.00,-1.003906,0.00,12419.00,NA,298.00,744.00,36.77,0.033,-26.00,26.00,304,135.00,40.82322000,-73.98437833,13,4,23,31,51.60,69945,NA,NA,NA,NA,NA,NA,NA,NA,NA,NA,NA,NA,NA,7956,-41
188.15,-0.988281,0.00,12419.00,NA,295.00,741.00,36.77,0.033,-26.00,26.00,304,135.00,40.82322500,-73.98439000,11,4,23,31,51.80,69960,NA,NA,NA,NA,NA,NA,NA,NA,NA,NA,NA,NA,NA,7959,-41
188.40,-1.019531,0.00,12419.00,NA,288.00,734.00,36.77,0.033,-26.00,26.00,304,135.00,40.82323500,-73.98441000,11,4,23,31,52.00,69985,NA,NA,NA,NA,NA,NA,NA,NA,NA,NA,NA,NA,NA,7964,-41
188.60,-1.003906,0.00,12419.00,NA,283.00,729.00,36.77,0.033,-26.00,26.00,304,135.00,40.82324333,-73.98442667,11,4,23,31,52.20,70005,NA,NA,NA,NA,NA,NA,NA,NA,NA,NA,NA,NA,NA,7970,-41
189.00,-1.019531,0.00,12419.00,NA,272.00,718.00,36.77,0.033,-26.00,26.00,304,135.00,40.82326000,-73.98445667,12,4,23,31,52.60,70045,NA,NA,NA,NA,NA,NA,NA,NA,NA,NA,NA,NA,NA,7979,-41
189.20,-1.019531,0.00,12419.00,NA,267.00,713.00,36.77,0.033,-26.00,26.00,304,135.00,40.82326667,-73.98447333,12,4,23,31,52.80,70065,NA,NA,NA,NA,NA,NA,NA,NA,NA,NA,NA,NA,NA,7984,-41
189.35,-1.003906,0.00,12419.00,NA,263.00,709.00,36.77,0.033,-26.00,26.00,304,135.00,40.82327333,-73.98448500,9,4,23,31,53.00,70080,NA,NA,NA,NA,NA,NA,NA,NA,NA,NA,NA,NA,NA,7988,-41
189.60,-1.003906,0.00,12419.00,NA,257.00,703.00,36.77,0.033,-26.00,26.00,304,135.00,40.82328333,-73.98450333,12,4,23,31,53.20,70105,NA,NA,NA,NA,NA,NA,NA,NA,NA,NA,NA,NA,NA,7994,-41
190.00,-1.003906,0.00,12419.00,NA,246.00,692.00,36.77,0.033,-26.00,26.00,304,135.00,40.82330000,-73.98453500,12,4,23,31,53.60,70145,NA,NA,NA,NA,NA,NA,NA,NA,NA,NA,NA,NA,NA,8005,-40
190.20,-0.988281,0.00,12419.00,NA,241.00,687.00,36.77,0.033,-26.00,26.00,304,135.00,40.82330667,-73.98455167,12,4,23,31,53.80,70165,NA,NA,NA,NA,NA,NA,NA,NA,NA,NA,NA,NA,NA,8009,-41
190.40,-0.988281,0.00,12419.00,NA,236.00,682.00,36.77,0.033,-26.00,26.00,304,135.00,40.82331500,-73.98456667,12,4,23,31,54.00,70185,NA,NA,NA,NA,NA,NA,NA,NA,NA,NA,NA,NA,NA,8014,-41
190.60,-0.972656,0.00,12419.00,NA,231.00,677.00,36.77,0.033,-26.00,26.00,304,135.00,40.82332333,-73.98458167,12,4,23,31,54.20,70205,NA,NA,NA,NA,NA,NA,NA,NA,NA,NA,NA,NA,NA,8019,-41
191.00,-0.972656,0.00,12419.00,NA,220.00,666.00,36.77,0.033,-26.00,26.00,304,135.00,40.82333833,-73.98461333,12,4,23,31,54.60,70245,NA,NA,NA,NA,NA,NA,NA,NA,NA,NA,NA,NA,NA,8029,-41
191.20,-1.003906,0.00,12419.00,NA,215.00,661.00,36.77,0.033,-26.00,26.00,304,135.00,40.82334667,-73.98462833,12,4,23,31,54.80,70265,NA,NA,NA,NA,NA,NA,NA,NA,NA,NA,NA,NA,NA,8034,-41
191.40,-1.003906,0.00,12419.00,NA,210.00,656.00,36.77,0.033,-26.00,26.00,304,135.00,40.82335500,-73.98464500,12,4,23,31,55.00,70285,NA,NA,NA,NA,NA,NA,NA,NA,NA,NA,NA,NA,NA,8040,-41
191.55,-0.988281,0.00,12419.00,NA,206.00,652.00,36.77,0.033,-26.00,26.00,304,135.00,40.82336167,-73.98465667,10,4,23,31,55.20,70300,NA,NA,NA,NA,NA,NA,NA,NA,NA,NA,NA,NA,NA,8044,-41
191.95,-1.019531,0.00,12419.00,NA,196.00,642.00,36.77,0.033,-26.00,26.00,304,135.00,40.82337667,-73.98468833,12,4,23,31,55.60,70340,NA,NA,NA,NA,NA,NA,NA,NA,NA,NA,NA,NA,NA,8051,-41
192.20,-0.988281,0.00,12419.00,NA,189.00,635.00,36.77,0.033,-26.00,26.00,304,135.00,40.82338667,-73.98470667,12,4,23,31,55.80,70365,NA,NA,NA,NA,NA,NA,NA,NA,NA,NA,NA,NA,NA,8057,-41
192.35,-1.003906,0.00,12419.00,NA,185.00,631.00,36.77,0.033,-26.00,26.00,304,135.00,40.82339333,-73.98471833,8,4,23,31,56.00,70380,NA,NA,NA,NA,NA,NA,NA,NA,NA,NA,NA,NA,NA,8060,-41
192.55,-1.003906,0.00,12419.00,NA,180.00,626.00,36.77,0.033,-26.00,26.00,304,135.00,40.82340000,-73.98473500,10,4,23,31,56.20,70400,NA,NA,NA,NA,NA,NA,NA,NA,NA,NA,NA,NA,NA,8065,-41
193.00,-1.019531,0.00,12419.00,NA,168.00,614.00,36.77,0.033,-26.00,26.00,304,135.00,40.82341833,-73.98477000,12,4,23,31,56.60,70445,NA,NA,NA,NA,NA,NA,NA,NA,NA,NA,NA,NA,NA,8076,-41
193.20,-1.003906,0.00,12419.00,NA,163.00,609.00,36.77,0.033,-26.00,26.00,304,135.00,40.82342667,-73.98478500,12,4,23,31,56.80,70465,NA,NA,NA,NA,NA,NA,NA,NA,NA,NA,NA,NA,NA,8082,-41
193.35,-0.988281,0.00,12419.00,NA,159.00,605.00,36.77,0.033,-26.00,26.00,304,135.00,40.82343333,-73.98479667,12,4,23,31,57.00,70480,NA,NA,NA,NA,NA,NA,NA,NA,NA,NA,NA,NA,NA,8085,-41
193.60,-1.003906,0.00,12419.00,NA,153.00,599.00,36.77,0.033,-26.00,26.00,304,135.00,40.82344333,-73.98481667,12,4,23,31,57.20,70505,NA,NA,NA,NA,NA,NA,NA,NA,NA,NA,NA,NA,NA,8091,-41
194.00,-0.988281,0.00,12419.00,NA,142.00,588.00,36.77,0.033,-26.00,26.00,304,135.00,40.82345833,-73.98484833,11,4,23,31,57.60,70545,NA,NA,NA,NA,NA,NA,NA,NA,NA,NA,NA,NA,NA,8101,-41
194.20,-1.003906,0.00,12419.00,NA,137.00,583.00,36.77,0.033,-26.00,26.00,304,135.00,40.82346667,-73.98486333,12,4,23,31,57.80,70565,NA,NA,NA,NA,NA,NA,NA,NA,NA,NA,NA,NA,NA,8106,-41
194.40,-1.003906,0.00,12419.00,NA,132.00,578.00,36.77,0.033,-26.00,26.00,304,135.00,40.82347500,-73.98487833,12,4,23,31,58.00,70585,NA,NA,NA,NA,NA,NA,NA,NA,NA,NA,NA,NA,NA,8110,-41
194.60,-0.988281,0.00,12419.00,NA,127.00,573.00,36.77,0.033,-26.00,26.00,304,135.00,40.82348167,-73.98489500,12,4,23,31,58.20,70605,NA,NA,NA,NA,NA,NA,NA,NA,NA,NA,NA,NA,NA,8115,-41
195.00,-1.003906,0.00,12419.00,NA,116.00,562.00,36.77,0.033,-26.00,26.00,304,135.00,40.82349833,-73.98492667,12,4,23,31,58.60,70645,NA,NA,NA,NA,NA,NA,NA,NA,NA,NA,NA,NA,NA,8126,-41
195.20,-1.019531,0.00,12419.00,NA,111.00,557.00,36.77,0.033,-26.00,26.00,304,135.00,40.82350667,-73.98494167,12,4,23,31,58.80,70665,NA,NA,NA,NA,NA,NA,NA,NA,NA,NA,NA,NA,NA,8131,-41
195.40,-1.019531,0.00,12419.00,NA,106.00,552.00,36.77,0.033,-26.00,26.00,304,135.00,40.82351500,-73.98495667,8,4,23,31,59.00,70685,NA,NA,NA,NA,NA,NA,NA,NA,NA,NA,NA,NA,NA,8136,-41
195.60,-0.988281,0.00,12419.00,NA,101.00,547.00,36.77,0.033,-26.00,26.00,304,135.00,40.82352167,-73.98497333,11,4,23,31,59.20,70705,NA,NA,NA,NA,NA,NA,NA,NA,NA,NA,NA,NA,NA,8141,-41
196.00,-0.988281,0.00,12419.00,NA,90.00,536.00,36.77,0.033,-26.00,26.00,304,135.00,40.82353833,-73.98500333,12,4,23,31,59.60,70745,NA,NA,NA,NA,NA,NA,NA,NA,NA,NA,NA,NA,NA,8151,-41
196.20,-0.972656,0.00,12419.00,NA,85.00,531.00,36.77,0.033,-26.00,26.00,304,135.00,40.82354667,-73.98502000,12,4,23,31,59.80,70765,NA,NA,NA,NA,NA,NA,NA,NA,NA,NA,NA,NA,NA,8156,-40
196.45,-0.972656,0.00,12419.00,NA,79.00,525.00,36.77,0.033,-26.00,26.00,304,135.00,40.82355667,-73.98504000,12,4,23,32,0.00,70790,NA,NA,NA,NA,NA,NA,NA,NA,NA,NA,NA,NA,NA,8163,-41
196.65,-1.019531,0.00,12419.00,NA,74.00,520.00,36.77,0.033,-26.00,26.00,304,135.00,40.82356333,-73.98505500,12,4,23,32,0.20,70810,NA,NA,NA,NA,NA,NA,NA,NA,NA,NA,NA,NA,NA,8165,-41
197.00,-1.003906,0.00,12419.00,NA,64.00,510.00,36.77,0.033,-26.00,26.00,304,135.00,40.82357833,-73.98508167,12,4,23,32,0.60,70845,NA,NA,NA,NA,NA,NA,NA,NA,NA,NA,NA,NA,NA,8174,-41
197.20,-1.019531,0.00,12419.00,NA,59.00,505.00,36.77,0.033,-26.00,26.00,304,135.00,40.82358500,-73.98509833,13,4,23,32,0.80,70865,NA,NA,NA,NA,NA,NA,NA,NA,NA,NA,NA,NA,NA,8180,-41
197.45,-1.003906,0.00,12419.00,NA,53.00,499.00,36.77,0.033,-26.00,26.00,304,135.00,40.82359500,-73.98511667,14,4,23,32,1.00,70890,NA,NA,NA,NA,NA,NA,NA,NA,NA,NA,NA,NA,NA,8185,-41
197.65,-0.988281,0.00,12419.00,NA,48.00,494.00,36.77,0.033,-26.00,26.00,304,135.00,40.82360333,-73.98513333,14,4,23,32,1.20,70910,NA,NA,NA,NA,NA,NA,NA,NA,NA,NA,NA,NA,NA,8190,-41
198.05,-1.003906,0.00,12419.00,NA,37.00,483.00,36.77,0.033,-26.00,26.00,304,135.00,40.82362000,-73.98516500,14,4,23,32,1.60,70950,NA,NA,NA,NA,NA,NA,NA,NA,NA,NA,NA,NA,NA,8201,-41
198.25,-0.988281,0.00,12419.00,NA,32.00,478.00,36.77,0.033,-26.00,26.00,304,135.00,40.82362833,-73.98518000,14,4,23,32,1.80,70970,NA,NA,NA,NA,NA,NA,NA,NA,NA,NA,NA,NA,NA,8206,-40
198.45,-0.988281,0.00,12419.00,NA,27.00,473.00,36.77,0.033,-26.00,26.00,304,135.00,40.82363500,-73.98519500,11,4,23,32,2.00,70990,NA,NA,NA,NA,NA,NA,NA,NA,NA,NA,NA,NA,NA,8209,-41
198.55,-0.988281,0.00,12419.00,NA,24.00,470.00,36.77,0.033,-26.00,26.00,304,135.00,40.82364000,-73.98520333,13,4,23,32,2.20,71000,NA,NA,NA,NA,NA,NA,NA,NA,NA,NA,NA,NA,NA,8212,-41
199.00,-0.988281,0.00,12419.00,NA,13.00,459.00,36.77,0.033,-26.00,26.00,304,135.00,40.82365667,-73.98523833,13,4,23,32,2.60,71045,NA,NA,NA,NA,NA,NA,NA,NA,NA,NA,NA,NA,NA,8224,-41
199.20,-0.988281,0.00,12419.00,NA,7.00,453.00,36.77,0.033,-26.00,26.00,304,135.00,40.82366500,-73.98525333,13,4,23,32,2.80,71065,NA,NA,NA,NA,NA,NA,NA,NA,NA,NA,NA,NA,NA,8229,-41
199.40,-0.988281,0.00,12419.00,NA,2.00,448.00,36.77,0.033,-26.00,26.00,304,135.00,40.82367333,-73.98527000,13,4,23,32,3.00,71085,NA,NA,NA,NA,NA,NA,NA,NA,NA,NA,NA,NA,NA,8233,-41
199.60,-0.972656,0.00,12419.00,NA,-3.00,443.00,36.77,0.033,-26.00,26.00,304,135.00,40.82368167,-73.98528500,13,4,23,32,3.20,71105,NA,NA,NA,NA,NA,NA,NA,NA,NA,NA,NA,NA,NA,8238,-41
200.00,-1.003906,0.00,12419.00,NA,-4.00,442.00,0.00,0.000,0.00,0.00,0,0.00,40.82368333,-73.98528833,13,4,23,32,3.60,71145,NA,NA,NA,NA,NA,NA,NA,NA,NA,NA,NA,NA,NA,8239,-41
200.20,-1.003906,0.00,12419.00,NA,-4.00,442.00,0.00,0.000,0.00,0.00,0,0.00,40.82368333,-73.98528833,13,4,23,32,3.80,71165,NA,NA,NA,NA,NA,NA,NA,NA,NA,NA,NA,NA,NA,8239,-41
200.40,-1.003906,0.00,12419.00,NA,-4.00,442.00,0.00,0.000,0.00,0.00,0,0.00,40.82368333,-73.98528833,13,4,23,32,4.00,71185,NA,NA,NA,NA,NA,NA,NA,NA,NA,NA,NA,NA,NA,8238,-41
200.60,-1.003906,0.00,12419.00,NA,-4.00,442.00,0.00,0.000,0.00,0.00,0,0.00,40.82368333,-73.98528833,13,4,23,32,4.20,71205,NA,NA,NA,NA,NA,NA,NA,NA,NA,NA,NA,NA,NA,8238,-41
201.00,-0.988281,0.00,12419.00,NA,-4.00,442.00,0.00,0.000,0.00,0.00,0,0.00,40.82368333,-73.98528833,13,4,23,32,4.60,71245,NA,NA,NA,NA,NA,NA,NA,NA,NA,NA,NA,NA,NA,8238,-41
201.20,-0.988281,0.00,12419.00,NA,-4.00,442.00,0.00,0.000,0.00,0.00,0,0.00,40.82368333,-73.98528833,13,4,23,32,4.80,71265,NA,NA,NA,NA,NA,NA,NA,NA,NA,NA,NA,NA,NA,8238,-41
201.40,-0.988281,0.00,12419.00,NA,-4.00,442.00,0.00,0.000,0.00,0.00,0,0.00,40.82368333,-73.98528833,10,4,23,32,5.00,71285,NA,NA,NA,NA,NA,NA,NA,NA,NA,NA,NA,NA,NA,8237,-41
201.60,-0.972656,0.00,12419.00,NA,-4.00,442.00,0.00,0.000,0.00,0.00,0,0.00,40.82368333,-73.98528833,11,4,23,32,5.20,71305,NA,NA,NA,NA,NA,NA,NA,NA,NA,NA,NA,NA,NA,8237,-41
202.00,-1.003906,0.00,12419.00,NA,-4.00,442.00,0.00,0.000,0.00,0.00,0,0.00,40.82368333,-73.98528833,11,4,23,32,5.60,71345,NA,NA,NA,NA,NA,NA,NA,NA,NA,NA,NA,NA,NA,8237,-40
202.20,-1.003906,0.00,12419.00,NA,-4.00,442.00,0.00,0.000,0.00,0.00,0,0.00,40.82368333,-73.98528833,11,4,23,32,5.80,71365,NA,NA,NA,NA,NA,NA,NA,NA,NA,NA,NA,NA,NA,8237,-41
202.40,-1.019531,0.00,12419.00,NA,-4.00,442.00,0.00,0.000,0.00,0.00,0,0.00,40.82368333,-73.98528833,12,4,23,32,6.00,71385,NA,NA,NA,NA,NA,NA,NA,NA,NA,NA,NA,NA,NA,8237,-41
202.60,-1.003906,0.00,12419.00,NA,-4.00,442.00,0.00,0.000,0.00,0.00,0,0.00,40.82368333,-73.98528833,12,4,23,32,6.20,71405,NA,NA,NA,NA,NA,NA,NA,NA,NA,NA,NA,NA,NA,8237,-41
202.95,-0.988281,0.00,12419.00,NA,-4.00,442.00,0.00,0.000,0.00,0.00,0,0.00,40.82368333,-73.98528833,12,4,23,32,6.60,71440,NA,NA,NA,NA,NA,NA,NA,NA,NA,NA,NA,NA,NA,8237,-41
203.15,-1.003906,0.00,12419.00,NA,-4.00,442.00,0.00,0.000,0.00,0.00,0,0.00,40.82368333,-73.98528833,12,4,23,32,6.80,71460,NA,NA,NA,NA,NA,NA,NA,NA,NA,NA,NA,NA,NA,8237,-41
203.40,-1.003906,0.00,12419.00,NA,-4.00,442.00,0.00,0.000,0.00,0.00,0,0.00,40.82368333,-73.98528833,12,4,23,32,7.00,71485,NA,NA,NA,NA,NA,NA,NA,NA,NA,NA,NA,NA,NA,8237,-41
203.60,-0.988281,0.00,12419.00,NA,-4.00,442.00,0.00,0.000,0.00,0.00,0,0.00,40.82368333,-73.98528833,12,4,23,32,7.20,71505,NA,NA,NA,NA,NA,NA,NA,NA,NA,NA,NA,NA,NA,8237,-41
203.95,-0.988281,0.00,12419.00,NA,-4.00,442.00,0.00,0.000,0.00,0.00,0,0.00,40.82368333,-73.98528833,12,4,23,32,7.60,71540,NA,NA,NA,NA,NA,NA,NA,NA,NA,NA,NA,NA,NA,8237,-41
204.15,-1.003906,0.00,12419.00,NA,-4.00,442.00,0.00,0.000,0.00,0.00,0,0.00,40.82368333,-73.98528833,12,4,23,32,7.80,71560,NA,NA,NA,NA,NA,NA,NA,NA,NA,NA,NA,NA,NA,8237,-41
204.35,-0.988281,0.00,12419.00,NA,-4.00,442.00,0.00,0.000,0.00,0.00,0,0.00,40.82368333,-73.98528833,10,4,23,32,8.00,71580,NA,NA,NA,NA,NA,NA,NA,NA,NA,NA,NA,NA,NA,8237,-41
204.55,-0.988281,0.00,12419.00,NA,-4.00,442.00,0.00,0.000,0.00,0.00,0,0.00,40.82368333,-73.98528833,11,4,23,32,8.20,71600,NA,NA,NA,NA,NA,NA,NA,NA,NA,NA,NA,NA,NA,8237,-41
204.95,-0.988281,0.00,12419.00,NA,-4.00,442.00,0.00,0.000,0.00,0.00,0,0.00,40.82368333,-73.98528833,12,4,23,32,8.60,71640,NA,NA,NA,NA,NA,NA,NA,NA,NA,NA,NA,NA,NA,8237,-41
205.20,-1.003906,0.00,12419.00,NA,-4.00,442.00,0.00,0.000,0.00,0.00,0,0.00,40.82368333,-73.98528833,12,4,23,32,8.80,71665,NA,NA,NA,NA,NA,NA,NA,NA,NA,NA,NA,NA,NA,8237,-40
205.40,-1.019531,0.00,12419.00,NA,-4.00,442.00,0.00,0.000,0.00,0.00,0,0.00,40.82368333,-73.98528833,11,4,23,32,9.00,71685,NA,NA,NA,NA,NA,NA,NA,NA,NA,NA,NA,NA,NA,8237,-41
205.60,-0.988281,0.00,12419.00,NA,-4.00,442.00,0.00,0.000,0.00,0.00,0,0.00,40.82368333,-73.98528833,11,4,23,32,9.20,71705,NA,NA,NA,NA,NA,NA,NA,NA,NA,NA,NA,NA,NA,8237,-41
206.00,-0.988281,0.00,12419.00,NA,-4.00,442.00,0.00,0.000,0.00,0.00,0,0.00,40.82368333,-73.98528833,12,4,23,32,9.60,71745,NA,NA,NA,NA,NA,NA,NA,NA,NA,NA,NA,NA,NA,8237,-41
206.20,-1.019531,0.00,12419.00,NA,-4.00,442.00,0.00,0.000,0.00,0.00,0,0.00,40.82368333,-73.98528833,12,4,23,32,9.80,71765,NA,NA,NA,NA,NA,NA,NA,NA,NA,NA,NA,NA,NA,8237,-41
206.35,-0.988281,0.00,12419.00,NA,-4.00,442.00,0.00,0.000,0.00,0.00,0,0.00,40.82368333,-73.98528833,12,4,23,32,10.00,71780,NA,NA,NA,NA,NA,NA,NA,NA,NA,NA,NA,NA,NA,8237,-41
206.60,-1.035156,0.00,12419.00,NA,-4.00,442.00,0.00,0.000,0.00,0.00,0,0.00,40.82368333,-73.98528833,11,4,23,32,10.20,71805,NA,NA,NA,NA,NA,NA,NA,NA,NA,NA,NA,NA,NA,8237,-41
206.95,-1.003906,0.00,12419.00,NA,-4.00,442.00,0.00,0.000,0.00,0.00,0,0.00,40.82368333,-73.98528833,12,4,23,32,10.60,71840,NA,NA,NA,NA,NA,NA,NA,NA,NA,NA,NA,NA,NA,8237,-40
207.20,-0.988281,0.00,12419.00,NA,-4.00,442.00,0.00,0.000,0.00,0.00,0,0.00,40.82368333,-73.98528833,12,4,23,32,10.80,71865,NA,NA,NA,NA,NA,NA,NA,NA,NA,NA,NA,NA,NA,8237,-41
207.40,-1.003906,0.00,12419.00,NA,-4.00,442.00,0.00,0.000,0.00,0.00,0,0.00,40.82368333,-73.98528833,11,4,23,32,11.00,71885,NA,NA,NA,NA,NA,NA,NA,NA,NA,NA,NA,NA,NA,8237,-41
207.60,-1.003906,0.00,12419.00,NA,-4.00,442.00,0.00,0.000,0.00,0.00,0,0.00,40.82368333,-73.98528833,12,4,23,32,11.20,71905,NA,NA,NA,NA,NA,NA,NA,NA,NA,NA,NA,NA,NA,8237,-41
208.00,-0.988281,0.00,12419.00,NA,-4.00,442.00,0.00,0.000,0.00,0.00,0,0.00,40.82368333,-73.98528833,12,4,23,32,11.60,71945,NA,NA,NA,NA,NA,NA,NA,NA,NA,NA,NA,NA,NA,8237,-40
208.20,-0.988281,0.00,12419.00,NA,-4.00,442.00,0.00,0.000,0.00,0.00,0,0.00,40.82368333,-73.98528833,12,4,23,32,11.80,71965,NA,NA,NA,NA,NA,NA,NA,NA,NA,NA,NA,NA,NA,8237,-41
208.40,-1.003906,0.00,12419.00,NA,-4.00,442.00,0.00,0.000,0.00,0.00,0,0.00,40.82368333,-73.98528833,12,4,23,32,12.00,71985,NA,NA,NA,NA,NA,NA,NA,NA,NA,NA,NA,NA,NA,8237,-41
208.60,-0.988281,0.00,12419.00,NA,-4.00,442.00,0.00,0.000,0.00,0.00,0,0.00,40.82368333,-73.98528833,12,4,23,32,12.20,72005,NA,NA,NA,NA,NA,NA,NA,NA,NA,NA,NA,NA,NA,8237,-41
208.95,-1.003906,0.00,12419.00,NA,-4.00,442.00,0.00,0.000,0.00,0.00,0,0.00,40.82368333,-73.98528833,12,4,23,32,12.60,72040,NA,NA,NA,NA,NA,NA,NA,NA,NA,NA,NA,NA,NA,8237,-41
209.20,-0.988281,0.00,12419.00,NA,-4.00,442.00,0.00,0.000,0.00,0.00,0,0.00,40.82368333,-73.98528833,11,4,23,32,12.80,72065,NA,NA,NA,NA,NA,NA,NA,NA,NA,NA,NA,NA,NA,8237,-41
209.40,-0.988281,0.00,12419.00,NA,-4.00,442.00,0.00,0.000,0.00,0.00,0,0.00,40.82368333,-73.98528833,11,4,23,32,13.00,72085,NA,NA,NA,NA,NA,NA,NA,NA,NA,NA,NA,NA,NA,8237,-41
209.60,-1.003906,0.00,12419.00,NA,-4.00,442.00,0.00,0.000,0.00,0.00,0,0.00,40.82368333,-73.98528833,12,4,23,32,13.20,72105,NA,NA,NA,NA,NA,NA,NA,NA,NA,NA,NA,NA,NA,8237,-41
210.00,-0.988281,0.00,12419.00,NA,-4.00,442.00,0.00,0.000,0.00,0.00,0,0.00,40.82368333,-73.98528833,12,4,23,32,13.60,72145,NA,NA,NA,NA,NA,NA,NA,NA,NA,NA,NA,NA,NA,8237,-41
210.20,-1.003906,0.00,12419.00,NA,-4.00,442.00,0.00,0.000,0.00,0.00,0,0.00,40.82368333,-73.98528833,12,4,23,32,13.80,72165,NA,NA,NA,NA,NA,NA,NA,NA,NA,NA,NA,NA,NA,8237,-41
210.40,-1.003906,0.00,12419.00,NA,-4.00,442.00,0.00,0.000,0.00,0.00,0,0.00,40.82368333,-73.98528833,11,4,23,32,14.00,72185,NA,NA,NA,NA,NA,NA,NA,NA,NA,NA,NA,NA,NA,8237,-41
210.60,-0.988281,0.00,12419.00,NA,-4.00,442.00,0.00,0.000,0.00,0.00,0,0.00,40.82368333,-73.98528833,12,4,23,32,14.20,72205,NA,NA,NA,NA,NA,NA,NA,NA,NA,NA,NA,NA,NA,8237,-41
210.95,-1.003906,0.00,12419.00,NA,-4.00,442.00,0.00,0.000,0.00,0.00,0,0.00,40.82368333,-73.98528833,12,4,23,32,14.60,72240,NA,NA,NA,NA,NA,NA,NA,NA,NA,NA,NA,NA,NA,8237,-41
211.20,-1.003906,0.00,12419.00,NA,-4.00,442.00,0.00,0.000,0.00,0.00,0,0.00,40.82368333,-73.98528833,12,4,23,32,14.80,72265,NA,NA,NA,NA,NA,NA,NA,NA,NA,NA,NA,NA,NA,8237,-41
211.40,-0.972656,0.00,12419.00,NA,-4.00,442.00,0.00,0.000,0.00,0.00,0,0.00,40.82368333,-73.98528833,12,4,23,32,15.00,72285,NA,NA,NA,NA,NA,NA,NA,NA,NA,NA,NA,NA,NA,8237,-41
211.55,-0.988281,0.00,12419.00,NA,-4.00,442.00,0.00,0.000,0.00,0.00,0,0.00,40.82368333,-73.98528833,12,4,23,32,15.20,72300,NA,NA,NA,NA,NA,NA,NA,NA,NA,NA,NA,NA,NA,8237,-41
212.00,-0.988281,0.00,12419.00,NA,-4.00,442.00,0.00,0.000,0.00,0.00,0,0.00,40.82368333,-73.98528833,12,4,23,32,15.60,72345,NA,NA,NA,NA,NA,NA,NA,NA,NA,NA,NA,NA,NA,8237,-41
212.15,-1.003906,0.00,12419.00,NA,-4.00,442.00,0.00,0.000,0.00,0.00,0,0.00,40.82368333,-73.98528833,12,4,23,32,15.80,72360,NA,NA,NA,NA,NA,NA,NA,NA,NA,NA,NA,NA,NA,8237,-41
212.40,-0.988281,0.00,12419.00,NA,-4.00,442.00,0.00,0.000,0.00,0.00,0,0.00,40.82368333,-73.98528833,12,4,23,32,16.00,72385,NA,NA,NA,NA,NA,NA,NA,NA,NA,NA,NA,NA,NA,8237,-41
212.55,-1.003906,0.00,12419.00,NA,-4.00,442.00,0.00,0.000,0.00,0.00,0,0.00,40.82368333,-73.98528833,12,4,23,32,16.20,72400,NA,NA,NA,NA,NA,NA,NA,NA,NA,NA,NA,NA,NA,8237,-40
212.95,-0.972656,0.00,12419.00,NA,-4.00,442.00,0.00,0.000,0.00,0.00,0,0.00,40.82368333,-73.98528833,11,4,23,32,16.60,72440,NA,NA,NA,NA,NA,NA,NA,NA,NA,NA,NA,NA,NA,8237,-41
213.20,-1.003906,0.00,12419.00,NA,-4.00,442.00,0.00,0.000,0.00,0.00,0,0.00,40.82368333,-73.98528833,11,4,23,32,16.80,72465,NA,NA,NA,NA,NA,NA,NA,NA,NA,NA,NA,NA,NA,8237,-41
213.40,-0.988281,0.00,12419.00,NA,-4.00,442.00,0.00,0.000,0.00,0.00,0,0.00,40.82368333,-73.98528833,11,4,23,32,17.00,72485,NA,NA,NA,NA,NA,NA,NA,NA,NA,NA,NA,NA,NA,8237,-41
213.55,-0.972656,0.00,12419.00,NA,-4.00,442.00,0.00,0.000,0.00,0.00,0,0.00,40.82368333,-73.98528833,12,4,23,32,17.20,72500,NA,NA,NA,NA,NA,NA,NA,NA,NA,NA,NA,NA,NA,8237,-41
213.95,-0.988281,0.00,12419.00,NA,-4.00,442.00,0.00,0.000,0.00,0.00,0,0.00,40.82368333,-73.98528833,11,4,23,32,17.60,72540,NA,NA,NA,NA,NA,NA,NA,NA,NA,NA,NA,NA,NA,8237,-41
214.15,-0.972656,0.00,12419.00,NA,-4.00,442.00,0.00,0.000,0.00,0.00,0,0.00,40.82368333,-73.98528833,11,4,23,32,17.80,72560,NA,NA,NA,NA,NA,NA,NA,NA,NA,NA,NA,NA,NA,8237,-41
214.40,-0.972656,0.00,12419.00,NA,-4.00,442.00,0.00,0.000,0.00,0.00,0,0.00,40.82368333,-73.98528833,11,4,23,32,18.00,72585,NA,NA,NA,NA,NA,NA,NA,NA,NA,NA,NA,NA,NA,8237,-41
214.55,-1.003906,0.00,12419.00,NA,-4.00,442.00,0.00,0.000,0.00,0.00,0,0.00,40.82368333,-73.98528833,11,4,23,32,18.20,72600,NA,NA,NA,NA,NA,NA,NA,NA,NA,NA,NA,NA,NA,8237,-41
215.00,-0.988281,0.00,12419.00,NA,-4.00,442.00,0.00,0.000,0.00,0.00,0,0.00,40.82368333,-73.98528833,12,4,23,32,18.60,72645,NA,NA,NA,NA,NA,NA,NA,NA,NA,NA,NA,NA,NA,8237,-41
215.20,-1.003906,0.00,12419.00,NA,-4.00,442.00,0.00,0.000,0.00,0.00,0,0.00,40.82368333,-73.98528833,13,4,23,32,18.80,72665,NA,NA,NA,NA,NA,NA,NA,NA,NA,NA,NA,NA,NA,8237,-41
215.35,-1.003906,0.00,12419.00,NA,-4.00,442.00,0.00,0.000,0.00,0.00,0,0.00,40.82368333,-73.98528833,13,4,23,32,19.00,72680,NA,NA,NA,NA,NA,NA,NA,NA,NA,NA,NA,NA,NA,8237,-41
215.60,-0.988281,0.00,12419.00,NA,-4.00,442.00,0.00,0.000,0.00,0.00,0,0.00,40.82368333,-73.98528833,13,4,23,32,19.20,72705,NA,NA,NA,NA,NA,NA,NA,NA,NA,NA,NA,NA,NA,8237,-41
216.00,-0.972656,0.00,12419.00,NA,-4.00,442.00,0.00,0.000,0.00,0.00,0,0.00,40.82368333,-73.98528833,13,4,23,32,19.60,72745,NA,NA,NA,NA,NA,NA,NA,NA,NA,NA,NA,NA,NA,8237,-41
216.20,-0.972656,0.00,12419.00,NA,-4.00,442.00,0.00,0.000,0.00,0.00,0,0.00,40.82368333,-73.98528833,12,4,23,32,19.80,72765,NA,NA,NA,NA,NA,NA,NA,NA,NA,NA,NA,NA,NA,8237,-41
216.35,-0.988281,0.00,12419.00,NA,-4.00,442.00,0.00,0.000,0.00,0.00,0,0.00,40.82368333,-73.98528833,11,4,23,32,20.00,72780,NA,NA,NA,NA,NA,NA,NA,NA,NA,NA,NA,NA,NA,8237,-41
216.55,-1.019531,0.00,12419.00,NA,-4.00,442.00,0.00,0.000,0.00,0.00,0,0.00,40.82368333,-73.98528833,11,4,23,32,20.20,72800,NA,NA,NA,NA,NA,NA,NA,NA,NA,NA,NA,NA,NA,8237,-41
216.95,-0.988281,0.00,12419.00,NA,-4.00,442.00,0.00,0.000,0.00,0.00,0,0.00,40.82368333,-73.98528833,13,4,23,32,20.60,72840,NA,NA,NA,NA,NA,NA,NA,NA,NA,NA,NA,NA,NA,8232,-40
217.20,-0.988281,0.00,12419.00,NA,-4.00,442.00,0.00,0.000,0.00,0.00,0,0.00,40.82368333,-73.98528833,13,4,23,32,20.80,72865,NA,NA,NA,NA,NA,NA,NA,NA,NA,NA,NA,NA,NA,8232,-41
217.40,-0.988281,0.00,12419.00,NA,-4.00,442.00,0.00,0.000,0.00,0.00,0,0.00,40.82368333,-73.98528833,13,4,23,32,21.00,72885,NA,NA,NA,NA,NA,NA,NA,NA,NA,NA,NA,NA,NA,8232,-41
217.60,-1.003906,0.00,12419.00,NA,-4.00,442.00,0.00,0.000,0.00,0.00,0,0.00,40.82368333,-73.98528833,13,4,23,32,21.20,72905,NA,NA,NA,NA,NA,NA,NA,NA,NA,NA,NA,NA,NA,8232,-41
218.00,-0.988281,0.00,12419.00,NA,-4.00,442.00,0.00,0.000,0.00,0.00,0,0.00,40.82368333,-73.98528833,13,4,23,32,21.60,72945,NA,NA,NA,NA,NA,NA,NA,NA,NA,NA,NA,NA,NA,8232,-41
218.20,-1.003906,0.00,12419.00,NA,-4.00,442.00,0.00,0.000,0.00,0.00,0,0.00,40.82368333,-73.98528833,13,4,23,32,21.80,72965,NA,NA,NA,NA,NA,NA,NA,NA,NA,NA,NA,NA,NA,8232,-41
218.40,-0.988281,0.00,12419.00,NA,-4.00,442.00,0.00,0.000,0.00,0.00,0,0.00,40.82368333,-73.98528833,13,4,23,32,22.00,72985,NA,NA,NA,NA,NA,NA,NA,NA,NA,NA,NA,NA,NA,8232,-41
218.60,-1.003906,0.00,12419.00,NA,-4.00,442.00,0.00,0.000,0.00,0.00,0,0.00,40.82368333,-73.98528833,13,4,23,32,22.20,73005,NA,NA,NA,NA,NA,NA,NA,NA,NA,NA,NA,NA,NA,8232,-41
219.00,-1.003906,0.00,12419.00,NA,-4.00,442.00,0.00,0.000,0.00,0.00,0,0.00,40.82368333,-73.98528833,13,4,23,32,22.60,73045,NA,NA,NA,NA,NA,NA,NA,NA,NA,NA,NA,NA,NA,8232,-41
219.20,-0.988281,0.00,12419.00,NA,-4.00,442.00,0.00,0.000,0.00,0.00,0,0.00,40.82368333,-73.98528833,13,4,23,32,22.80,73065,NA,NA,NA,NA,NA,NA,NA,NA,NA,NA,NA,NA,NA,8232,-41
219.40,-1.003906,0.00,12419.00,NA,-4.00,442.00,0.00,0.000,0.00,0.00,0,0.00,40.82368333,-73.98528833,12,4,23,32,23.00,73085,NA,NA,NA,NA,NA,NA,NA,NA,NA,NA,NA,NA,NA,8233,-41
219.60,-0.988281,0.00,12419.00,NA,-4.00,442.00,0.00,0.000,0.00,0.00,0,0.00,40.82368333,-73.98528833,13,4,23,32,23.20,73105,NA,NA,NA,NA,NA,NA,NA,NA,NA,NA,NA,NA,NA,8233,-41
219.95,-0.988281,0.00,12419.00,NA,-4.00,442.00,0.00,0.000,0.00,0.00,0,0.00,40.82368333,-73.98528833,13,4,23,32,23.60,73140,NA,NA,NA,NA,NA,NA,NA,NA,NA,NA,NA,NA,NA,8233,-41
220.15,-1.003906,0.00,12419.00,NA,-4.00,442.00,0.00,0.000,0.00,0.00,0,0.00,40.82368333,-73.98528833,13,4,23,32,23.80,73160,NA,NA,NA,NA,NA,NA,NA,NA,NA,NA,NA,NA,NA,8233,-41
220.40,-1.003906,0.00,12419.00,NA,-4.00,442.00,0.00,0.000,0.00,0.00,0,0.00,40.82368333,-73.98528833,13,4,23,32,24.00,73185,NA,NA,NA,NA,NA,NA,NA,NA,NA,NA,NA,NA,NA,8234,-41
220.60,-0.988281,0.00,12419.00,NA,-4.00,442.00,0.00,0.000,0.00,0.00,0,0.00,40.82368333,-73.98528833,13,4,23,32,24.20,73205,NA,NA,NA,NA,NA,NA,NA,NA,NA,NA,NA,NA,NA,8234,-41
221.00,-1.003906,0.00,12419.00,NA,-4.00,442.00,0.00,0.000,0.00,0.00,0,0.00,40.82368333,-73.98528833,13,4,23,32,24.60,73245,NA,NA,NA,NA,NA,NA,NA,NA,NA,NA,NA,NA,NA,8234,-41
221.20,-0.988281,0.00,12419.00,NA,-4.00,442.00,0.00,0.000,0.00,0.00,0,0.00,40.82368333,-73.98528833,12,4,23,32,24.80,73265,NA,NA,NA,NA,NA,NA,NA,NA,NA,NA,NA,NA,NA,8234,-41
221.35,-0.957031,0.00,12419.00,NA,-4.00,442.00,0.00,0.000,0.00,0.00,0,0.00,40.82368333,-73.98528833,13,4,23,32,25.00,73280,NA,NA,NA,NA,NA,NA,NA,NA,NA,NA,NA,NA,NA,8234,-41
221.55,-0.988281,0.00,12419.00,NA,-4.00,442.00,0.00,0.000,0.00,0.00,0,0.00,40.82368333,-73.98528833,13,4,23,32,25.20,73300,NA,NA,NA,NA,NA,NA,NA,NA,NA,NA,NA,NA,NA,8234,-41
221.95,-1.003906,0.00,12419.00,NA,-4.00,442.00,0.00,0.000,0.00,0.00,0,0.00,40.82368333,-73.98528833,14,4,23,32,25.60,73340,NA,NA,NA,NA,NA,NA,NA,NA,NA,NA,NA,NA,NA,8234,-41
222.15,-0.988281,0.00,12419.00,NA,-4.00,442.00,0.00,0.000,0.00,0.00,0,0.00,40.82368333,-73.98528833,14,4,23,32,25.80,73360,NA,NA,NA,NA,NA,NA,NA,NA,NA,NA,NA,NA,NA,8234,-41
222.35,-1.003906,0.00,12419.00,NA,-4.00,442.00,0.00,0.000,0.00,0.00,0,0.00,40.82368333,-73.98528833,13,6,23,32,26.00,73380,NA,NA,NA,NA,NA,NA,NA,NA,NA,NA,NA,NA,NA,8235,-41
222.60,-1.003906,0.00,12419.00,NA,-4.00,442.00,0.00,0.000,0.00,0.00,0,0.00,40.82368333,-73.98528833,14,4,23,32,26.20,73405,NA,NA,NA,NA,NA,NA,NA,NA,NA,NA,NA,NA,NA,8235,-41
222.95,-0.988281,0.00,12419.00,NA,-4.00,442.00,0.00,0.000,0.00,0.00,0,0.00,40.82368333,-73.98528833,14,4,23,32,26.60,73440,NA,NA,NA,NA,NA,NA,NA,NA,NA,NA,NA,NA,NA,8235,-41
223.15,-0.988281,0.00,12419.00,NA,-4.00,442.00,0.00,0.000,0.00,0.00,0,0.00,40.82368333,-73.98528833,14,4,23,32,26.80,73460,NA,NA,NA,NA,NA,NA,NA,NA,NA,NA,NA,NA,NA,8235,-41
223.35,-1.003906,0.00,12419.00,NA,-4.00,442.00,0.00,0.000,0.00,0.00,0,0.00,40.82368333,-73.98528833,13,4,23,32,27.00,73480,NA,NA,NA,NA,NA,NA,NA,NA,NA,NA,NA,NA,NA,8236,-40
223.55,-1.003906,0.00,12419.00,NA,-4.00,442.00,0.00,0.000,0.00,0.00,0,0.00,40.82368333,-73.98528833,13,4,23,32,27.20,73500,NA,NA,NA,NA,NA,NA,NA,NA,NA,NA,NA,NA,NA,8236,-41
224.00,-0.972656,0.00,12419.00,NA,-4.00,442.00,0.00,0.000,0.00,0.00,0,0.00,40.82368333,-73.98528833,14,4,23,32,27.60,73545,NA,NA,NA,NA,NA,NA,NA,NA,NA,NA,NA,NA,NA,8236,-41
224.15,-1.003906,0.00,12419.00,NA,-4.00,442.00,0.00,0.000,0.00,0.00,0,0.00,40.82368333,-73.98528833,13,4,23,32,27.80,73560,NA,NA,NA,NA,NA,NA,NA,NA,NA,NA,NA,NA,NA,8236,-41
224.35,-1.003906,0.00,12419.00,NA,-4.00,442.00,0.00,0.000,0.00,0.00,0,0.00,40.82368333,-73.98528833,13,4,23,32,28.00,73580,NA,NA,NA,NA,NA,NA,NA,NA,NA,NA,NA,NA,NA,8237,-41
224.55,-0.972656,0.00,12419.00,NA,-4.00,442.00,0.00,0.000,0.00,0.00,0,0.00,40.82368333,-73.98528833,14,4,23,32,28.20,73600,NA,NA,NA,NA,NA,NA,NA,NA,NA,NA,NA,NA,NA,8237,-41
225.00,-0.988281,0.00,12419.00,NA,-4.00,442.00,0.00,0.000,0.00,0.00,0,0.00,40.82368333,-73.98528833,14,4,23,32,28.60,73645,NA,NA,NA,NA,NA,NA,NA,NA,NA,NA,NA,NA,NA,8237,-41
225.15,-0.988281,0.00,12419.00,NA,-4.00,442.00,0.00,0.000,0.00,0.00,0,0.00,40.82368333,-73.98528833,14,4,23,32,28.80,73660,NA,NA,NA,NA,NA,NA,NA,NA,NA,NA,NA,NA,NA,8237,-41
225.35,-0.988281,0.00,12419.00,NA,-4.00,442.00,0.00,0.000,0.00,0.00,0,0.00,40.82368333,-73.98528833,12,6,23,32,29.00,73680,NA,NA,NA,NA,NA,NA,NA,NA,NA,NA,NA,NA,NA,8237,-41
225.55,-1.003906,0.00,12419.00,NA,-4.00,442.00,0.00,0.000,0.00,0.00,0,0.00,40.82368333,-73.98528833,11,4,23,32,29.20,73700,NA,NA,NA,NA,NA,NA,NA,NA,NA,NA,NA,NA,NA,8237,-41
225.95,-0.988281,0.00,12419.00,NA,-4.00,442.00,0.00,0.000,0.00,0.00,0,0.00,40.82368333,-73.98528833,13,4,23,32,29.60,73740,NA,NA,NA,NA,NA,NA,NA,NA,NA,NA,NA,NA,NA,8237,-41
226.15,-0.988281,0.00,12419.00,NA,-4.00,442.00,0.00,0.000,0.00,0.00,0,0.00,40.82368333,-73.98528833,13,4,23,32,29.80,73760,NA,NA,NA,NA,NA,NA,NA,NA,NA,NA,NA,NA,NA,8237,-41
226.40,-0.988281,0.00,12419.00,NA,-4.00,442.00,0.00,0.000,0.00,0.00,0,0.00,40.82368333,-73.98528833,13,4,23,32,30.00,73785,NA,NA,NA,NA,NA,NA,NA,NA,NA,NA,NA,NA,NA,8238,-41
226.55,-0.988281,0.00,12419.00,NA,-4.00,442.00,0.00,0.000,0.00,0.00,0,0.00,40.82368333,-73.98528833,13,4,23,32,30.20,73800,NA,NA,NA,NA,NA,NA,NA,NA,NA,NA,NA,NA,NA,8238,-41
227.00,-0.988281,0.00,12419.00,NA,-4.00,442.00,0.00,0.000,0.00,0.00,0,0.00,40.82368333,-73.98528833,13,4,23,32,30.60,73845,NA,NA,NA,NA,NA,NA,NA,NA,NA,NA,NA,NA,NA,8238,-41
227.15,-0.972656,0.00,12419.00,NA,-4.00,442.00,0.00,0.000,0.00,0.00,0,0.00,40.82368333,-73.98528833,12,4,23,32,30.80,73860,NA,NA,NA,NA,NA,NA,NA,NA,NA,NA,NA,NA,NA,8238,-41
227.35,-1.003906,0.00,12419.00,NA,-4.00,442.00,0.00,0.000,0.00,0.00,0,0.00,40.82368333,-73.98528833,12,4,23,32,31.00,73880,NA,NA,NA,NA,NA,NA,NA,NA,NA,NA,NA,NA,NA,8238,-41
227.55,-0.988281,0.00,12419.00,NA,-4.00,442.00,0.00,0.000,0.00,0.00,0,0.00,40.82368333,-73.98528833,12,4,23,32,31.20,73900,NA,NA,NA,NA,NA,NA,NA,NA,NA,NA,NA,NA,NA,8238,-41
227.95,-0.988281,0.00,12419.00,NA,-4.00,442.00,0.00,0.000,0.00,0.00,0,0.00,40.82368333,-73.98528833,12,4,23,32,31.60,73940,NA,NA,NA,NA,NA,NA,NA,NA,NA,NA,NA,NA,NA,8238,-41
228.15,-1.003906,0.00,12419.00,NA,-4.00,442.00,0.00,0.000,0.00,0.00,0,0.00,40.82368333,-73.98528833,12,4,23,32,31.80,73960,NA,NA,NA,NA,NA,NA,NA,NA,NA,NA,NA,NA,NA,8238,-41
228.35,-0.988281,0.00,12419.00,NA,-4.00,442.00,0.00,0.000,0.00,0.00,0,0.00,40.82368333,-73.98528833,12,4,23,32,32.00,73980,NA,NA,NA,NA,NA,NA,NA,NA,NA,NA,NA,NA,NA,8238,-40
228.60,-1.019531,0.00,12419.00,NA,-4.00,442.00,0.00,0.000,0.00,0.00,0,0.00,40.82368333,-73.98528833,13,4,23,32,32.20,74005,NA,NA,NA,NA,NA,NA,NA,NA,NA,NA,NA,NA,NA,8238,-41
228.95,-0.972656,0.00,12419.00,NA,-4.00,442.00,0.00,0.000,0.00,0.00,0,0.00,40.82368333,-73.98528833,13,4,23,32,32.60,74040,NA,NA,NA,NA,NA,NA,NA,NA,NA,NA,NA,NA,NA,8238,-41
229.15,-0.988281,0.00,12419.00,NA,-4.00,442.00,0.00,0.000,0.00,0.00,0,0.00,40.82368333,-73.98528833,13,4,23,32,32.80,74060,NA,NA,NA,NA,NA,NA,NA,NA,NA,NA,NA,NA,NA,8238,-41
229.35,-1.003906,0.00,12419.00,NA,-4.00,442.00,0.00,0.000,0.00,0.00,0,0.00,40.82368333,-73.98528833,12,4,23,32,33.00,74080,NA,NA,NA,NA,NA,NA,NA,NA,NA,NA,NA,NA,NA,8239,-41
229.55,-0.988281,0.00,12419.00,NA,-4.00,442.00,0.00,0.000,0.00,0.00,0,0.00,40.82368333,-73.98528833,12,4,23,32,33.20,74100,NA,NA,NA,NA,NA,NA,NA,NA,NA,NA,NA,NA,NA,8239,-41
230.00,-0.988281,0.00,12419.00,NA,-4.00,442.00,0.00,0.000,0.00,0.00,0,0.00,40.82368333,-73.98528833,12,4,23,32,33.60,74145,NA,NA,NA,NA,NA,NA,NA,NA,NA,NA,NA,NA,NA,8239,-41
230.20,-0.988281,0.00,12419.00,NA,-4.00,442.00,0.00,0.000,0.00,0.00,0,0.00,40.82368333,-73.98528833,12,4,23,32,33.80,74165,NA,NA,NA,NA,NA,NA,NA,NA,NA,NA,NA,NA,NA,8239,-41
230.40,-1.019531,0.00,12419.00,NA,-4.00,442.00,0.00,0.000,0.00,0.00,0,0.00,40.82368333,-73.98528833,12,4,23,32,34.00,74185,NA,NA,NA,NA,NA,NA,NA,NA,NA,NA,NA,NA,NA,8239,-41
230.60,-1.003906,0.00,12419.00,NA,-4.00,442.00,0.00,0.000,0.00,0.00,0,0.00,40.82368333,-73.98528833,12,4,23,32,34.20,74205,NA,NA,NA,NA,NA,NA,NA,NA,NA,NA,NA,NA,NA,8239,-41
230.95,-0.988281,0.00,12419.00,NA,-4.00,442.00,0.00,0.000,0.00,0.00,0,0.00,40.82368333,-73.98528833,12,4,23,32,34.60,74240,NA,NA,NA,NA,NA,NA,NA,NA,NA,NA,NA,NA,NA,8239,-41
231.20,-1.003906,0.00,12419.00,NA,-4.00,442.00,0.00,0.000,0.00,0.00,0,0.00,40.82368333,-73.98528833,12,4,23,32,34.80,74265,NA,NA,NA,NA,NA,NA,NA,NA,NA,NA,NA,NA,NA,8239,-41
231.40,-0.988281,0.00,12419.00,NA,-4.00,442.00,0.00,0.000,0.00,0.00,0,0.00,40.82368333,-73.98528833,10,4,23,32,35.00,74285,NA,NA,NA,NA,NA,NA,NA,NA,NA,NA,NA,NA,NA,8239,-41
231.60,-0.988281,0.00,12419.00,NA,-4.00,442.00,0.00,0.000,0.00,0.00,0,0.00,40.82368333,-73.98528833,12,4,23,32,35.20,74305,NA,NA,NA,NA,NA,NA,NA,NA,NA,NA,NA,NA,NA,8239,-41
232.00,-1.003906,0.00,12419.00,NA,-4.00,442.00,0.00,0.000,0.00,0.00,0,0.00,40.82368333,-73.98528833,12,4,23,32,35.60,74345,NA,NA,NA,NA,NA,NA,NA,NA,NA,NA,NA,NA,NA,8239,-41
232.20,-0.972656,0.00,12419.00,NA,-4.00,442.00,0.00,0.000,0.00,0.00,0,0.00,40.82368333,-73.98528833,12,4,23,32,35.80,74365,NA,NA,NA,NA,NA,NA,NA,NA,NA,NA,NA,NA,NA,8239,-41
232.40,-0.988281,0.00,12419.00,NA,-4.00,442.00,0.00,0.000,0.00,0.00,0,0.00,40.82368333,-73.98528833,12,4,23,32,36.00,74385,NA,NA,NA,NA,NA,NA,NA,NA,NA,NA,NA,NA,NA,8238,-41
232.55,-0.972656,0.00,12419.00,NA,-4.00,442.00,0.00,0.000,0.00,0.00,0,0.00,40.82368333,-73.98528833,12,4,23,32,36.20,74400,NA,NA,NA,NA,NA,NA,NA,NA,NA,NA,NA,NA,NA,8238,-41
233.00,-0.972656,0.00,12419.00,NA,-4.00,442.00,0.00,0.000,0.00,0.00,0,0.00,40.82368333,-73.98528833,13,4,23,32,36.60,74445,NA,NA,NA,NA,NA,NA,NA,NA,NA,NA,NA,NA,NA,8238,-41
233.20,-0.988281,0.00,12419.00,NA,-4.00,442.00,0.00,0.000,0.00,0.00,0,0.00,40.82368333,-73.98528833,13,4,23,32,36.80,74465,NA,NA,NA,NA,NA,NA,NA,NA,NA,NA,NA,NA,NA,8238,-41
233.40,-0.972656,0.00,12419.00,NA,-4.00,442.00,0.00,0.000,0.00,0.00,0,0.00,40.82368333,-73.98528833,12,4,23,32,37.00,74485,NA,NA,NA,NA,NA,NA,NA,NA,NA,NA,NA,NA,NA,8238,-41
233.60,-0.972656,0.00,12419.00,NA,-4.00,442.00,0.00,0.000,0.00,0.00,0,0.00,40.82368333,-73.98528833,12,4,23,32,37.20,74505,NA,NA,NA,NA,NA,NA,NA,NA,NA,NA,NA,NA,NA,8238,-41
234.00,-1.003906,0.00,12419.00,NA,-4.00,442.00,0.00,0.000,0.00,0.00,0,0.00,40.82368333,-73.98528833,13,4,23,32,37.60,74545,NA,NA,NA,NA,NA,NA,NA,NA,NA,NA,NA,NA,NA,8238,-41
234.20,-0.988281,0.00,12419.00,NA,-4.00,442.00,0.00,0.000,0.00,0.00,0,0.00,40.82368333,-73.98528833,13,4,23,32,37.80,74565,NA,NA,NA,NA,NA,NA,NA,NA,NA,NA,NA,NA,NA,8238,-41
234.40,-0.988281,0.00,12419.00,NA,-4.00,442.00,0.00,0.000,0.00,0.00,0,0.00,40.82368333,-73.98528833,13,6,23,32,38.00,74585,NA,NA,NA,NA,NA,NA,NA,NA,NA,NA,NA,NA,NA,8237,-41
234.60,-1.003906,0.00,12419.00,NA,-4.00,442.00,0.00,0.000,0.00,0.00,0,0.00,40.82368333,-73.98528833,13,4,23,32,38.20,74605,NA,NA,NA,NA,NA,NA,NA,NA,NA,NA,NA,NA,NA,8237,-41
234.95,-0.988281,0.00,12419.00,NA,-4.00,442.00,0.00,0.000,0.00,0.00,0,0.00,40.82368333,-73.98528833,13,4,23,32,38.60,74640,NA,NA,NA,NA,NA,NA,NA,NA,NA,NA,NA,NA,NA,8237,-41
235.20,-0.988281,0.00,12419.00,NA,-4.00,442.00,0.00,0.000,0.00,0.00,0,0.00,40.82368333,-73.98528833,13,4,23,32,38.80,74665,NA,NA,NA,NA,NA,NA,NA,NA,NA,NA,NA,NA,NA,8237,-41
235.40,-1.003906,0.00,12419.00,NA,-4.00,442.00,0.00,0.000,0.00,0.00,0,0.00,40.82368333,-73.98528833,13,4,23,32,39.00,74685,NA,NA,NA,NA,NA,NA,NA,NA,NA,NA,NA,NA,NA,8237,-41
235.60,-0.988281,0.00,12419.00,NA,-4.00,442.00,0.00,0.000,0.00,0.00,0,0.00,40.82368333,-73.98528833,13,4,23,32,39.20,74705,NA,NA,NA,NA,NA,NA,NA,NA,NA,NA,NA,NA,NA,8237,-41
235.95,-0.988281,0.00,12419.00,NA,-4.00,442.00,0.00,0.000,0.00,0.00,0,0.00,40.82368333,-73.98528833,13,4,23,32,39.60,74740,NA,NA,NA,NA,NA,NA,NA,NA,NA,NA,NA,NA,NA,8237,-41
236.20,-0.988281,0.00,12419.00,NA,-4.00,442.00,0.00,0.000,0.00,0.00,0,0.00,40.82368333,-73.98528833,13,4,23,32,39.80,74765,NA,NA,NA,NA,NA,NA,NA,NA,NA,NA,NA,NA,NA,8237,-41
236.40,-0.988281,0.00,12419.00,NA,-4.00,442.00,0.00,0.000,0.00,0.00,0,0.00,40.82368333,-73.98528833,13,4,23,32,40.00,74785,NA,NA,NA,NA,NA,NA,NA,NA,NA,NA,NA,NA,NA,8237,-41
236.60,-0.988281,0.00,12419.00,NA,-4.00,442.00,0.00,0.000,0.00,0.00,0,0.00,40.82368333,-73.98528833,13,4,23,32,40.20,74805,NA,NA,NA,NA,NA,NA,NA,NA,NA,NA,NA,NA,NA,8237,-41
237.00,-0.988281,0.00,12419.00,NA,-4.00,442.00,0.00,0.000,0.00,0.00,0,0.00,40.82368333,-73.98528833,12,4,23,32,40.60,74845,NA,NA,NA,NA,NA,NA,NA,NA,NA,NA,NA,NA,NA,8237,-41
237.20,-1.003906,0.00,12419.00,NA,-4.00,442.00,0.00,0.000,0.00,0.00,0,0.00,40.82368333,-73.98528833,12,4,23,32,40.80,74865,NA,NA,NA,NA,NA,NA,NA,NA,NA,NA,NA,NA,NA,8237,-41
237.40,-0.972656,0.00,12419.00,NA,-4.00,442.00,0.00,0.000,0.00,0.00,0,0.00,40.82368333,-73.98528833,11,6,23,32,41.00,74885,NA,NA,NA,NA,NA,NA,NA,NA,NA,NA,NA,NA,NA,8237,-41
237.55,-0.988281,0.00,12419.00,NA,-4.00,442.00,0.00,0.000,0.00,0.00,0,0.00,40.82368333,-73.98528833,11,4,23,32,41.20,74900,NA,NA,NA,NA,NA,NA,NA,NA,NA,NA,NA,NA,NA,8237,-41
238.00,-0.988281,0.00,12419.00,NA,-4.00,442.00,0.00,0.000,0.00,0.00,0,0.00,40.82368333,-73.98528833,11,4,23,32,41.60,74945,NA,NA,NA,NA,NA,NA,NA,NA,NA,NA,NA,NA,NA,8237,-41
238.20,-0.988281,0.00,12419.00,NA,-4.00,442.00,0.00,0.000,0.00,0.00,0,0.00,40.82368333,-73.98528833,11,4,23,32,41.80,74965,NA,NA,NA,NA,NA,NA,NA,NA,NA,NA,NA,NA,NA,8237,-41
238.40,-0.988281,0.00,12419.00,NA,-4.00,442.00,0.00,0.000,0.00,0.00,0,0.00,40.82368333,-73.98528833,11,4,23,32,42.00,74985,NA,NA,NA,NA,NA,NA,NA,NA,NA,NA,NA,NA,NA,8237,-41
238.60,-1.003906,0.00,12419.00,NA,-4.00,442.00,0.00,0.000,0.00,0.00,0,0.00,40.82368333,-73.98528833,11,4,23,32,42.20,75005,NA,NA,NA,NA,NA,NA,NA,NA,NA,NA,NA,NA,NA,8237,-41
239.00,-1.003906,0.00,12419.00,NA,-4.00,442.00,0.00,0.000,0.00,0.00,0,0.00,40.82368333,-73.98528833,11,4,23,32,42.60,75045,NA,NA,NA,NA,NA,NA,NA,NA,NA,NA,NA,NA,NA,8237,-41
239.20,-1.019531,0.00,12419.00,NA,-4.00,442.00,0.00,0.000,0.00,0.00,0,0.00,40.82368333,-73.98528833,11,4,23,32,42.80,75065,NA,NA,NA,NA,NA,NA,NA,NA,NA,NA,NA,NA,NA,8237,-41
239.40,-0.988281,0.00,12419.00,NA,-4.00,442.00,0.00,0.000,0.00,0.00,0,0.00,40.82368333,-73.98528833,11,4,23,32,43.00,75085,NA,NA,NA,NA,NA,NA,NA,NA,NA,NA,NA,NA,NA,8237,-41
239.55,-1.003906,0.00,12419.00,NA,-4.00,442.00,0.00,0.000,0.00,0.00,0,0.00,40.82368333,-73.98528833,11,4,23,32,43.20,75100,NA,NA,NA,NA,NA,NA,NA,NA,NA,NA,NA,NA,NA,8237,-41
240.00,-0.972656,0.00,12419.00,NA,-4.00,442.00,0.00,0.000,0.00,0.00,0,0.00,40.82368333,-73.98528833,11,4,23,32,43.60,75145,NA,NA,NA,NA,NA,NA,NA,NA,NA,NA,NA,NA,NA,8237,-41
240.15,-1.003906,0.00,12419.00,NA,-4.00,442.00,0.00,0.000,0.00,0.00,0,0.00,40.82368333,-73.98528833,11,4,23,32,43.80,75160,NA,NA,NA,NA,NA,NA,NA,NA,NA,NA,NA,NA,NA,8237,-41
240.35,-0.988281,0.00,12419.00,NA,-4.00,442.00,0.00,0.000,0.00,0.00,0,0.00,40.82368333,-73.98528833,9,4,23,32,44.00,75180,NA,NA,NA,NA,NA,NA,NA,NA,NA,NA,NA,NA,NA,8236,-41
240.60,-1.019531,0.00,12419.00,NA,-4.00,442.00,0.00,0.000,0.00,0.00,0,0.00,40.82368333,-73.98528833,9,4,23,32,44.20,75205,NA,NA,NA,NA,NA,NA,NA,NA,NA,NA,NA,NA,NA,8236,-41
240.95,-1.003906,0.00,12419.00,NA,-4.00,442.00,0.00,0.000,0.00,0.00,0,0.00,40.82368333,-73.98528833,10,4,23,32,44.60,75240,NA,NA,NA,NA,NA,NA,NA,NA,NA,NA,NA,NA,NA,8236,-41
241.20,-1.003906,0.00,12419.00,NA,-4.00,442.00,0.00,0.000,0.00,0.00,0,0.00,40.82368333,-73.98528833,10,4,23,32,44.80,75265,NA,NA,NA,NA,NA,NA,NA,NA,NA,NA,NA,NA,NA,8236,-41
241.40,-1.019531,0.00,12419.00,NA,-4.00,442.00,0.00,0.000,0.00,0.00,0,0.00,40.82368333,-73.98528833,11,4,23,32,45.00,75285,NA,NA,NA,NA,NA,NA,NA,NA,NA,NA,NA,NA,NA,8236,-41
241.55,-1.003906,0.00,12419.00,NA,-4.00,442.00,0.00,0.000,0.00,0.00,0,0.00,40.82368333,-73.98528833,10,4,23,32,45.20,75300,NA,NA,NA,NA,NA,NA,NA,NA,NA,NA,NA,NA,NA,8236,-40
241.95,-0.957031,0.00,12419.00,NA,-4.00,442.00,0.00,0.000,0.00,0.00,0,0.00,40.82368333,-73.98528833,10,4,23,32,45.60,75340,NA,NA,NA,NA,NA,NA,NA,NA,NA,NA,NA,NA,NA,8236,-41
242.15,-0.988281,0.00,12419.00,NA,-4.00,442.00,0.00,0.000,0.00,0.00,0,0.00,40.82368333,-73.98528833,10,4,23,32,45.80,75360,NA,NA,NA,NA,NA,NA,NA,NA,NA,NA,NA,NA,NA,8236,-41
242.40,-0.988281,0.00,12419.00,NA,-4.00,442.00,0.00,0.000,0.00,0.00,0,0.00,40.82368333,-73.98528833,10,4,23,32,46.00,75385,NA,NA,NA,NA,NA,NA,NA,NA,NA,NA,NA,NA,NA,8236,-41
242.60,-0.972656,0.00,12419.00,NA,-4.00,442.00,0.00,0.000,0.00,0.00,0,0.00,40.82368333,-73.98528833,10,4,23,32,46.20,75405,NA,NA,NA,NA,NA,NA,NA,NA,NA,NA,NA,NA,NA,8236,-41
243.00,-1.003906,0.00,12419.00,NA,-4.00,442.00,0.00,0.000,0.00,0.00,0,0.00,40.82368333,-73.98528833,10,4,23,32,46.60,75445,NA,NA,NA,NA,NA,NA,NA,NA,NA,NA,NA,NA,NA,8236,-41
243.15,-1.003906,0.00,12419.00,NA,-4.00,442.00,0.00,0.000,0.00,0.00,0,0.00,40.82368333,-73.98528833,10,4,23,32,46.80,75460,NA,NA,NA,NA,NA,NA,NA,NA,NA,NA,NA,NA,NA,8236,-41
243.35,-1.003906,0.00,12419.00,NA,-4.00,442.00,0.00,0.000,0.00,0.00,0,0.00,40.82368333,-73.98528833,10,4,23,32,47.00,75480,NA,NA,NA,NA,NA,NA,NA,NA,NA,NA,NA,NA,NA,8236,-41
243.60,-1.003906,0.00,12419.00,NA,-4.00,442.00,0.00,0.000,0.00,0.00,0,0.00,40.82368333,-73.98528833,12,4,23,32,47.20,75505,NA,NA,NA,NA,NA,NA,NA,NA,NA,NA,NA,NA,NA,8236,-41
243.95,-0.988281,0.00,12419.00,NA,-4.00,442.00,0.00,0.000,0.00,0.00,0,0.00,40.82368333,-73.98528833,12,4,23,32,47.60,75540,NA,NA,NA,NA,NA,NA,NA,NA,NA,NA,NA,NA,NA,8236,-41
244.20,-0.988281,0.00,12419.00,NA,-4.00,442.00,0.00,0.000,0.00,0.00,0,0.00,40.82368333,-73.98528833,12,4,23,32,47.80,75565,NA,NA,NA,NA,NA,NA,NA,NA,NA,NA,NA,NA,NA,8236,-41
244.40,-1.019531,0.00,12419.00,NA,-4.00,442.00,0.00,0.000,0.00,0.00,0,0.00,40.82368333,-73.98528833,13,4,23,32,48.00,75585,NA,NA,NA,NA,NA,NA,NA,NA,NA,NA,NA,NA,NA,8236,-41
244.60,-0.988281,0.00,12419.00,NA,-4.00,442.00,0.00,0.000,0.00,0.00,0,0.00,40.82368333,-73.98528833,11,4,23,32,48.20,75605,NA,NA,NA,NA,NA,NA,NA,NA,NA,NA,NA,NA,NA,8236,-41
245.00,-1.019531,0.00,12419.00,NA,-4.00,442.00,0.00,0.000,0.00,0.00,0,0.00,40.82368333,-73.98528833,11,4,23,32,48.60,75645,NA,NA,NA,NA,NA,NA,NA,NA,NA,NA,NA,NA,NA,8236,-41
245.15,-1.003906,0.00,12419.00,NA,-4.00,442.00,0.00,0.000,0.00,0.00,0,0.00,40.82368333,-73.98528833,11,4,23,32,48.80,75660,NA,NA,NA,NA,NA,NA,NA,NA,NA,NA,NA,NA,NA,8236,-41
245.35,-1.003906,0.00,12419.00,NA,-4.00,442.00,0.00,0.000,0.00,0.00,0,0.00,40.82368333,-73.98528833,11,4,23,32,49.00,75680,NA,NA,NA,NA,NA,NA,NA,NA,NA,NA,NA,NA,NA,8236,-40
245.55,-0.988281,0.00,12419.00,NA,-4.00,442.00,0.00,0.000,0.00,0.00,0,0.00,40.82368333,-73.98528833,11,4,23,32,49.20,75700,NA,NA,NA,NA,NA,NA,NA,NA,NA,NA,NA,NA,NA,8236,-41
245.95,-0.988281,0.00,12419.00,NA,-4.00,442.00,0.00,0.000,0.00,0.00,0,0.00,40.82368333,-73.98528833,11,4,23,32,49.60,75740,NA,NA,NA,NA,NA,NA,NA,NA,NA,NA,NA,NA,NA,8236,-41
246.20,-0.988281,0.00,12419.00,NA,-4.00,442.00,0.00,0.000,0.00,0.00,0,0.00,40.82368333,-73.98528833,11,4,23,32,49.80,75765,NA,NA,NA,NA,NA,NA,NA,NA,NA,NA,NA,NA,NA,8236,-41
246.35,-1.019531,0.00,12419.00,NA,-4.00,442.00,0.00,0.000,0.00,0.00,0,0.00,40.82368333,-73.98528833,11,4,23,32,50.00,75780,NA,NA,NA,NA,NA,NA,NA,NA,NA,NA,NA,NA,NA,8235,-41
246.60,-1.003906,0.00,12419.00,NA,-4.00,442.00,0.00,0.000,0.00,0.00,0,0.00,40.82368333,-73.98528833,13,4,23,32,50.20,75805,NA,NA,NA,NA,NA,NA,NA,NA,NA,NA,NA,NA,NA,8235,-41
247.00,-0.988281,0.00,12419.00,NA,-4.00,442.00,0.00,0.000,0.00,0.00,0,0.00,40.82368333,-73.98528833,13,4,23,32,50.60,75845,NA,NA,NA,NA,NA,NA,NA,NA,NA,NA,NA,NA,NA,8235,-41
247.20,-1.003906,0.00,12419.00,NA,-4.00,442.00,0.00,0.000,0.00,0.00,0,0.00,40.82368333,-73.98528833,13,4,23,32,50.80,75865,NA,NA,NA,NA,NA,NA,NA,NA,NA,NA,NA,NA,NA,8235,-40
247.35,-0.988281,0.00,12419.00,NA,-4.00,442.00,0.00,0.000,0.00,0.00,0,0.00,40.82368333,-73.98528833,12,4,23,32,51.00,75880,NA,NA,NA,NA,NA,NA,NA,NA,NA,NA,NA,NA,NA,8235,-41
247.55,-1.003906,0.00,12419.00,NA,-4.00,442.00,0.00,0.000,0.00,0.00,0,0.00,40.82368333,-73.98528833,12,4,23,32,51.20,75900,NA,NA,NA,NA,NA,NA,NA,NA,NA,NA,NA,NA,NA,8235,-41
247.95,-0.988281,0.00,12419.00,NA,-4.00,442.00,0.00,0.000,0.00,0.00,0,0.00,40.82368333,-73.98528833,13,4,23,32,51.60,75940,NA,NA,NA,NA,NA,NA,NA,NA,NA,NA,NA,NA,NA,8235,-41
248.15,-0.988281,0.00,12419.00,NA,-4.00,442.00,0.00,0.000,0.00,0.00,0,0.00,40.82368333,-73.98528833,13,4,23,32,51.80,75960,NA,NA,NA,NA,NA,NA,NA,NA,NA,NA,NA,NA,NA,8235,-41
248.40,-1.003906,0.00,12419.00,NA,-4.00,442.00,0.00,0.000,0.00,0.00,0,0.00,40.82368333,-73.98528833,13,4,23,32,52.00,75985,NA,NA,NA,NA,NA,NA,NA,NA,NA,NA,NA,NA,NA,8235,-41
248.55,-0.988281,0.00,12419.00,NA,-4.00,442.00,0.00,0.000,0.00,0.00,0,0.00,40.82368333,-73.98528833,13,4,23,32,52.20,76000,NA,NA,NA,NA,NA,NA,NA,NA,NA,NA,NA,NA,NA,8235,-41
248.95,-1.003906,0.00,12419.00,NA,-4.00,442.00,0.00,0.000,0.00,0.00,0,0.00,40.82368333,-73.98528833,13,4,23,32,52.60,76040,NA,NA,NA,NA,NA,NA,NA,NA,NA,NA,NA,NA,NA,8235,-41
249.15,-0.988281,0.00,12419.00,NA,-4.00,442.00,0.00,0.000,0.00,0.00,0,0.00,40.82368333,-73.98528833,13,4,23,32,52.80,76060,NA,NA,NA,NA,NA,NA,NA,NA,NA,NA,NA,NA,NA,8235,-41
249.35,-1.003906,0.00,12419.00,NA,-4.00,442.00,0.00,0.000,0.00,0.00,0,0.00,40.82368333,-73.98528833,13,4,23,32,53.00,76080,NA,NA,NA,NA,NA,NA,NA,NA,NA,NA,NA,NA,NA,8235,-41
249.55,-0.988281,0.00,12419.00,NA,-4.00,442.00,0.00,0.000,0.00,0.00,0,0.00,40.82368333,-73.98528833,12,4,23,32,53.20,76100,NA,NA,NA,NA,NA,NA,NA,NA,NA,NA,NA,NA,NA,8235,-41
249.95,-0.988281,0.00,12419.00,NA,-4.00,442.00,0.00,0.000,0.00,0.00,0,0.00,40.82368333,-73.98528833,12,4,23,32,53.60,76140,NA,NA,NA,NA,NA,NA,NA,NA,NA,NA,NA,NA,NA,8235,-40
250.15,-1.003906,0.00,12419.00,NA,-4.00,442.00,0.00,0.000,0.00,0.00,0,0.00,40.82368333,-73.98528833,12,4,23,32,53.80,76160,NA,NA,NA,NA,NA,NA,NA,NA,NA,NA,NA,NA,NA,8235,-41
250.40,-0.988281,0.00,12419.00,NA,-4.00,442.00,0.00,0.000,0.00,0.00,0,0.00,40.82368333,-73.98528833,12,4,23,32,54.00,76185,NA,NA,NA,NA,NA,NA,NA,NA,NA,NA,NA,NA,NA,8235,-41
250.55,-1.019531,0.00,12419.00,NA,-4.00,442.00,0.00,0.000,0.00,0.00,0,0.00,40.82368333,-73.98528833,11,4,23,32,54.20,76200,NA,NA,NA,NA,NA,NA,NA,NA,NA,NA,NA,NA,NA,8235,-41
251.00,-0.972656,0.00,12419.00,NA,-4.00,442.00,0.00,0.000,0.00,0.00,0,0.00,40.82368333,-73.98528833,11,4,23,32,54.60,76245,NA,NA,NA,NA,NA,NA,NA,NA,NA,NA,NA,NA,NA,8235,-41
251.15,-0.988281,0.00,12419.00,NA,-4.00,442.00,0.00,0.000,0.00,0.00,0,0.00,40.82368333,-73.98528833,11,4,23,32,54.80,76260,NA,NA,NA,NA,NA,NA,NA,NA,NA,NA,NA,NA,NA,8235,-41
251.35,-0.988281,0.00,12419.00,NA,-4.00,442.00,0.00,0.000,0.00,0.00,0,0.00,40.82368333,-73.98528833,11,4,23,32,55.00,76280,NA,NA,NA,NA,NA,NA,NA,NA,NA,NA,NA,NA,NA,8235,-41
251.55,-0.988281,0.00,12419.00,NA,-4.00,442.00,0.00,0.000,0.00,0.00,0,0.00,40.82368333,-73.98528833,11,4,23,32,55.20,76300,NA,NA,NA,NA,NA,NA,NA,NA,NA,NA,NA,NA,NA,8235,-41
251.95,-1.003906,0.00,12419.00,NA,-4.00,442.00,0.00,0.000,0.00,0.00,0,0.00,40.82368333,-73.98528833,11,4,23,32,55.60,76340,NA,NA,NA,NA,NA,NA,NA,NA,NA,NA,NA,NA,NA,8235,-41
252.15,-0.988281,0.00,12419.00,NA,-4.00,442.00,0.00,0.000,0.00,0.00,0,0.00,40.82368333,-73.98528833,11,4,23,32,55.80,76360,NA,NA,NA,NA,NA,NA,NA,NA,NA,NA,NA,NA,NA,8235,-41
252.35,-1.003906,0.00,12419.00,NA,-4.00,442.00,0.00,0.000,0.00,0.00,0,0.00,40.82368333,-73.98528833,10,4,23,32,56.00,76380,NA,NA,NA,NA,NA,NA,NA,NA,NA,NA,NA,NA,NA,8235,-41
252.55,-1.003906,0.00,12419.00,NA,-4.00,442.00,0.00,0.000,0.00,0.00,0,0.00,40.82368333,-73.98528833,10,4,23,32,56.20,76400,NA,NA,NA,NA,NA,NA,NA,NA,NA,NA,NA,NA,NA,8235,-41
253.00,-0.988281,0.00,12419.00,NA,-4.00,442.00,0.00,0.000,0.00,0.00,0,0.00,40.82368333,-73.98528833,11,4,23,32,56.60,76445,NA,NA,NA,NA,NA,NA,NA,NA,NA,NA,NA,NA,NA,8235,-41
253.15,-0.988281,0.00,12419.00,NA,-4.00,442.00,0.00,0.000,0.00,0.00,0,0.00,40.82368333,-73.98528833,11,4,23,32,56.80,76460,NA,NA,NA,NA,NA,NA,NA,NA,NA,NA,NA,NA,NA,8235,-41
253.35,-0.988281,0.00,12419.00,NA,-4.00,442.00,0.00,0.000,0.00,0.00,0,0.00,40.82368333,-73.98528833,11,4,23,32,57.00,76480,NA,NA,NA,NA,NA,NA,NA,NA,NA,NA,NA,NA,NA,8235,-41
253.60,-0.988281,0.00,12419.00,NA,-4.00,442.00,0.00,0.000,0.00,0.00,0,0.00,40.82368333,-73.98528833,11,4,23,32,57.20,76505,NA,NA,NA,NA,NA,NA,NA,NA,NA,NA,NA,NA,NA,8235,-41
253.95,-0.988281,0.00,12419.00,NA,-4.00,442.00,0.00,0.000,0.00,0.00,0,0.00,40.82368333,-73.98528833,11,4,23,32,57.60,76540,NA,NA,NA,NA,NA,NA,NA,NA,NA,NA,NA,NA,NA,8235,-41
254.15,-1.019531,0.00,12419.00,NA,-4.00,442.00,0.00,0.000,0.00,0.00,0,0.00,40.82368333,-73.98528833,12,4,23,32,57.80,76560,NA,NA,NA,NA,NA,NA,NA,NA,NA,NA,NA,NA,NA,8235,-41
254.35,-0.988281,0.00,12419.00,NA,-4.00,442.00,0.00,0.000,0.00,0.00,0,0.00,40.82368333,-73.98528833,12,4,23,32,58.00,76580,NA,NA,NA,NA,NA,NA,NA,NA,NA,NA,NA,NA,NA,8234,-41
254.60,-1.019531,0.00,12419.00,NA,-4.00,442.00,0.00,0.000,0.00,0.00,0,0.00,40.82368333,-73.98528833,12,6,23,32,58.20,76605,NA,NA,NA,NA,NA,NA,NA,NA,NA,NA,NA,NA,NA,8234,-41
255.00,-0.972656,0.00,12419.00,NA,-4.00,442.00,0.00,0.000,0.00,0.00,0,0.00,40.82368333,-73.98528833,11,6,23,32,58.60,76645,NA,NA,NA,NA,NA,NA,NA,NA,NA,NA,NA,NA,NA,8234,-40
255.20,-1.003906,0.00,12419.00,NA,-4.00,442.00,0.00,0.000,0.00,0.00,0,0.00,40.82368333,-73.98528833,11,6,23,32,58.80,76665,NA,NA,NA,NA,NA,NA,NA,NA,NA,NA,NA,NA,NA,8234,-41
255.40,-1.003906,0.00,12419.00,NA,-4.00,442.00,0.00,0.000,0.00,0.00,0,0.00,40.82368333,-73.98528833,10,6,23,32,59.00,76685,NA,NA,NA,NA,NA,NA,NA,NA,NA,NA,NA,NA,NA,8235,-41
255.60,-0.988281,0.00,12419.00,NA,-4.00,442.00,0.00,0.000,0.00,0.00,0,0.00,40.82368333,-73.98528833,12,6,23,32,59.20,76705,NA,NA,NA,NA,NA,NA,NA,NA,NA,NA,NA,NA,NA,8235,-41
256.00,-1.003906,0.00,12419.00,NA,-4.00,442.00,0.00,0.000,0.00,0.00,0,0.00,40.82368333,-73.98528833,12,6,23,32,59.60,76745,NA,NA,NA,NA,NA,NA,NA,NA,NA,NA,NA,NA,NA,8235,-41
256.20,-0.988281,0.00,12419.00,NA,-4.00,442.00,0.00,0.000,0.00,0.00,0,0.00,40.82368333,-73.98528833,12,6,23,32,59.80,76765,NA,NA,NA,NA,NA,NA,NA,NA,NA,NA,NA,NA,NA,8235,-41
256.45,-1.003906,0.00,12419.00,NA,-4.00,442.00,0.00,0.000,0.00,0.00,0,0.00,40.82368333,-73.98528833,12,6,23,33,0.00,76790,NA,NA,NA,NA,NA,NA,NA,NA,NA,NA,NA,NA,NA,8235,-41
256.60,-0.988281,0.00,12419.00,NA,-4.00,442.00,0.00,0.000,0.00,0.00,0,0.00,40.82368333,-73.98528833,12,6,23,33,0.20,76805,NA,NA,NA,NA,NA,NA,NA,NA,NA,NA,NA,NA,NA,8235,-41
257.00,-1.003906,0.00,12419.00,NA,-4.00,442.00,0.00,0.000,0.00,0.00,0,0.00,40.82368333,-73.98528833,12,6,23,33,0.60,76845,NA,NA,NA,NA,NA,NA,NA,NA,NA,NA,NA,NA,NA,8235,-41
257.20,-1.003906,0.00,12419.00,NA,-4.00,442.00,0.00,0.000,0.00,0.00,0,0.00,40.82368333,-73.98528833,12,6,23,33,0.80,76865,NA,NA,NA,NA,NA,NA,NA,NA,NA,NA,NA,NA,NA,8235,-41
257.40,-1.003906,0.00,12419.00,NA,-4.00,442.00,0.00,0.000,0.00,0.00,0,0.00,40.82368333,-73.98528833,12,6,23,33,1.00,76885,NA,NA,NA,NA,NA,NA,NA,NA,NA,NA,NA,NA,NA,8235,-41
257.60,-1.003906,0.00,12419.00,NA,-4.00,442.00,0.00,0.000,0.00,0.00,0,0.00,40.82368333,-73.98528833,12,6,23,33,1.20,76905,NA,NA,NA,NA,NA,NA,NA,NA,NA,NA,NA,NA,NA,8235,-41
258.00,-1.019531,0.00,12419.00,NA,-4.00,442.00,0.00,0.000,0.00,0.00,0,0.00,40.82368333,-73.98528833,12,6,23,33,1.60,76945,NA,NA,NA,NA,NA,NA,NA,NA,NA,NA,NA,NA,NA,8235,-41
258.20,-1.003906,0.00,12419.00,NA,-4.00,442.00,0.00,0.000,0.00,0.00,0,0.00,40.82368333,-73.98528833,12,6,23,33,1.80,76965,NA,NA,NA,NA,NA,NA,NA,NA,NA,NA,NA,NA,NA,8235,-41
258.40,-0.988281,0.00,12419.00,NA,-4.00,442.00,0.00,0.000,0.00,0.00,0,0.00,40.82368333,-73.98528833,12,6,23,33,2.00,76985,NA,NA,NA,NA,NA,NA,NA,NA,NA,NA,NA,NA,NA,8234,-41
258.60,-1.003906,0.00,12419.00,NA,-4.00,442.00,0.00,0.000,0.00,0.00,0,0.00,40.82368333,-73.98528833,12,6,23,33,2.20,77005,NA,NA,NA,NA,NA,NA,NA,NA,NA,NA,NA,NA,NA,8234,-41
259.00,-1.003906,0.00,12419.00,NA,-4.00,442.00,0.00,0.000,0.00,0.00,0,0.00,40.82368333,-73.98528833,13,6,23,33,2.60,77045,NA,NA,NA,NA,NA,NA,NA,NA,NA,NA,NA,NA,NA,8234,-41
259.20,-0.972656,0.00,12419.00,NA,-4.00,442.00,0.00,0.000,0.00,0.00,0,0.00,40.82368333,-73.98528833,13,6,23,33,2.80,77065,NA,NA,NA,NA,NA,NA,NA,NA,NA,NA,NA,NA,NA,8234,-41
259.40,-1.003906,0.00,12419.00,NA,-4.00,442.00,0.00,0.000,0.00,0.00,0,0.00,40.82368333,-73.98528833,13,6,23,33,3.00,77085,NA,NA,NA,NA,NA,NA,NA,NA,NA,NA,NA,NA,NA,8234,-41
259.60,-1.003906,0.00,12419.00,NA,-4.00,442.00,0.00,0.000,0.00,0.00,0,0.00,40.82368333,-73.98528833,13,6,23,33,3.20,77105,NA,NA,NA,NA,NA,NA,NA,NA,NA,NA,NA,NA,NA,8234,-41
260.00,-1.003906,0.00,12419.00,NA,-4.00,442.00,0.00,0.000,0.00,0.00,0,0.00,40.82368333,-73.98528833,13,6,23,33,3.60,77145,NA,NA,NA,NA,NA,NA,NA,NA,NA,NA,NA,NA,NA,8234,-41
260.20,-0.972656,0.00,12419.00,NA,-4.00,442.00,0.00,0.000,0.00,0.00,0,0.00,40.82368333,-73.98528833,13,6,23,33,3.80,77165,NA,NA,NA,NA,NA,NA,NA,NA,NA,NA,NA,NA,NA,8234,-41
260.40,-1.019531,0.00,12419.00,NA,-4.00,442.00,0.00,0.000,0.00,0.00,0,0.00,40.82368333,-73.98528833,13,6,23,33,4.00,77185,NA,NA,NA,NA,NA,NA,NA,NA,NA,NA,NA,NA,NA,8234,-41
260.60,-0.988281,0.00,12419.00,NA,-4.00,442.00,0.00,0.000,0.00,0.00,0,0.00,40.82368333,-73.98528833,13,6,23,33,4.20,77205,NA,NA,NA,NA,NA,NA,NA,NA,NA,NA,NA,NA,NA,8234,-41
261.00,-0.988281,0.00,12419.00,NA,-4.00,442.00,0.00,0.000,0.00,0.00,0,0.00,40.82368333,-73.98528833,13,6,23,33,4.60,77245,NA,NA,NA,NA,NA,NA,NA,NA,NA,NA,NA,NA,NA,8234,-41
261.20,-1.035156,0.00,12419.00,NA,-4.00,442.00,0.00,0.000,0.00,0.00,0,0.00,40.82368333,-73.98528833,14,6,23,33,4.80,77265,NA,NA,NA,NA,NA,NA,NA,NA,NA,NA,NA,NA,NA,8234,-40
261.40,-1.019531,0.00,12419.00,NA,-4.00,442.00,0.00,0.000,0.00,0.00,0,0.00,40.82368333,-73.98528833,11,6,23,33,5.00,77285,NA,NA,NA,NA,NA,NA,NA,NA,NA,NA,NA,NA,NA,8234,-41
261.60,-1.003906,0.00,12419.00,NA,-4.00,442.00,0.00,0.000,0.00,0.00,0,0.00,40.82368333,-73.98528833,14,6,23,33,5.20,77305,NA,NA,NA,NA,NA,NA,NA,NA,NA,NA,NA,NA,NA,8234,-41
262.00,-1.003906,0.00,12419.00,NA,-4.00,442.00,0.00,0.000,0.00,0.00,0,0.00,40.82368333,-73.98528833,14,6,23,33,5.60,77345,NA,NA,NA,NA,NA,NA,NA,NA,NA,NA,NA,NA,NA,8234,-41
262.20,-0.988281,0.00,12419.00,NA,-4.00,442.00,0.00,0.000,0.00,0.00,0,0.00,40.82368333,-73.98528833,14,6,23,33,5.80,77365,NA,NA,NA,NA,NA,NA,NA,NA,NA,NA,NA,NA,NA,8234,-41
262.45,-1.019531,0.00,12419.00,NA,-4.00,442.00,0.00,0.000,0.00,0.00,0,0.00,40.82368333,-73.98528833,14,6,23,33,6.00,77390,NA,NA,NA,NA,NA,NA,NA,NA,NA,NA,NA,NA,NA,8234,-41
262.65,-1.019531,0.00,12419.00,NA,-4.00,442.00,0.00,0.000,0.00,0.00,0,0.00,40.82368333,-73.98528833,14,6,23,33,6.20,77410,NA,NA,NA,NA,NA,NA,NA,NA,NA,NA,NA,NA,NA,8234,-41
263.00,-0.988281,0.00,12419.00,NA,-4.00,442.00,0.00,0.000,0.00,0.00,0,0.00,40.82368333,-73.98528833,14,6,23,33,6.60,77445,NA,NA,NA,NA,NA,NA,NA,NA,NA,NA,NA,NA,NA,8234,-41
263.20,-1.003906,0.00,12419.00,NA,-4.00,442.00,0.00,0.000,0.00,0.00,0,0.00,40.82368333,-73.98528833,14,6,23,33,6.80,77465,NA,NA,NA,NA,NA,NA,NA,NA,NA,NA,NA,NA,NA,8234,-41
263.40,-1.019531,0.00,12419.00,NA,-4.00,442.00,0.00,0.000,0.00,0.00,0,0.00,40.82368333,-73.98528833,14,6,23,33,7.00,77485,NA,NA,NA,NA,NA,NA,NA,NA,NA,NA,NA,NA,NA,8234,-41
263.60,-0.988281,0.00,12419.00,NA,-4.00,442.00,0.00,0.000,0.00,0.00,0,0.00,40.82368333,-73.98528833,14,6,23,33,7.20,77505,NA,NA,NA,NA,NA,NA,NA,NA,NA,NA,NA,NA,NA,8234,-40
264.05,-1.003906,0.00,12419.00,NA,-4.00,442.00,0.00,0.000,0.00,0.00,0,0.00,40.82368333,-73.98528833,14,6,23,33,7.60,77550,NA,NA,NA,NA,NA,NA,NA,NA,NA,NA,NA,NA,NA,8234,-41
264.20,-1.003906,0.00,12419.00,NA,-4.00,442.00,0.00,0.000,0.00,0.00,0,0.00,40.82368333,-73.98528833,14,6,23,33,7.80,77565,NA,NA,NA,NA,NA,NA,NA,NA,NA,NA,NA,NA,NA,8234,-41
264.45,-1.003906,0.00,12419.00,NA,-4.00,442.00,0.00,0.000,0.00,0.00,0,0.00,40.82368333,-73.98528833,12,6,23,33,8.00,77590,NA,NA,NA,NA,NA,NA,NA,NA,NA,NA,NA,NA,NA,8234,-41
264.65,-0.988281,0.00,12419.00,NA,-4.00,442.00,0.00,0.000,0.00,0.00,0,0.00,40.82368333,-73.98528833,14,6,23,33,8.20,77610,NA,NA,NA,NA,NA,NA,NA,NA,NA,NA,NA,NA,NA,8234,-41
265.05,-0.988281,0.00,12419.00,NA,-4.00,442.00,0.00,0.000,0.00,0.00,0,0.00,40.82368333,-73.98528833,14,6,23,33,8.60,77650,NA,NA,NA,NA,NA,NA,NA,NA,NA,NA,NA,NA,NA,8234,-41
265.25,-0.988281,0.00,12419.00,NA,-4.00,442.00,0.00,0.000,0.00,0.00,0,0.00,40.82368333,-73.98528833,15,6,23,33,8.80,77670,NA,NA,NA,NA,NA,NA,NA,NA,NA,NA,NA,NA,NA,8234,-41
265.40,-0.988281,0.00,12419.00,NA,-4.00,442.00,0.00,0.000,0.00,0.00,0,0.00,40.82368333,-73.98528833,13,6,23,33,9.00,77685,NA,NA,NA,NA,NA,NA,NA,NA,NA,NA,NA,NA,NA,8235,-41
265.60,-1.003906,0.00,12419.00,NA,-4.00,442.00,0.00,0.000,0.00,0.00,0,0.00,40.82368333,-73.98528833,14,6,23,33,9.20,77705,NA,NA,NA,NA,NA,NA,NA,NA,NA,NA,NA,NA,NA,8235,-41
266.00,-0.988281,0.00,12419.00,NA,-4.00,442.00,0.00,0.000,0.00,0.00,0,0.00,40.82368333,-73.98528833,14,6,23,33,9.60,77745,NA,NA,NA,NA,NA,NA,NA,NA,NA,NA,NA,NA,NA,8235,-41
266.20,-0.988281,0.00,12419.00,NA,-4.00,442.00,0.00,0.000,0.00,0.00,0,0.00,40.82368333,-73.98528833,14,6,23,33,9.80,77765,NA,NA,NA,NA,NA,NA,NA,NA,NA,NA,NA,NA,NA,8235,-41
266.40,-1.003906,0.00,12419.00,NA,-4.00,442.00,0.00,0.000,0.00,0.00,0,0.00,40.82368333,-73.98528833,14,6,23,33,10.00,77785,NA,NA,NA,NA,NA,NA,NA,NA,NA,NA,NA,NA,NA,8235,-41
266.60,-0.988281,0.00,12419.00,NA,-4.00,442.00,0.00,0.000,0.00,0.00,0,0.00,40.82368333,-73.98528833,14,6,23,33,10.20,77805,NA,NA,NA,NA,NA,NA,NA,NA,NA,NA,NA,NA,NA,8235,-41
267.00,-0.972656,0.00,12419.00,NA,-4.00,442.00,0.00,0.000,0.00,0.00,0,0.00,40.82368333,-73.98528833,14,6,23,33,10.60,77845,NA,NA,NA,NA,NA,NA,NA,NA,NA,NA,NA,NA,NA,8235,-41
267.20,-1.019531,0.00,12419.00,NA,-4.00,442.00,0.00,0.000,0.00,0.00,0,0.00,40.82368333,-73.98528833,14,6,23,33,10.80,77865,NA,NA,NA,NA,NA,NA,NA,NA,NA,NA,NA,NA,NA,8235,-41
267.40,-1.003906,0.00,12419.00,NA,-4.00,442.00,0.00,0.000,0.00,0.00,0,0.00,40.82368333,-73.98528833,13,6,23,33,11.00,77885,NA,NA,NA,NA,NA,NA,NA,NA,NA,NA,NA,NA,NA,8236,-41
267.60,-1.019531,0.00,12419.00,NA,-4.00,442.00,0.00,0.000,0.00,0.00,0,0.00,40.82368333,-73.98528833,14,6,23,33,11.20,77905,NA,NA,NA,NA,NA,NA,NA,NA,NA,NA,NA,NA,NA,8236,-41
268.00,-0.988281,0.00,12419.00,NA,-4.00,442.00,0.00,0.000,0.00,0.00,0,0.00,40.82368333,-73.98528833,14,6,23,33,11.60,77945,NA,NA,NA,NA,NA,NA,NA,NA,NA,NA,NA,NA,NA,8236,-41
268.20,-0.988281,0.00,12419.00,NA,-4.00,442.00,0.00,0.000,0.00,0.00,0,0.00,40.82368333,-73.98528833,14,6,23,33,11.80,77965,NA,NA,NA,NA,NA,NA,NA,NA,NA,NA,NA,NA,NA,8236,-41
268.40,-1.003906,0.00,12419.00,NA,-4.00,442.00,0.00,0.000,0.00,0.00,0,0.00,40.82368333,-73.98528833,14,6,23,33,12.00,77985,NA,NA,NA,NA,NA,NA,NA,NA,NA,NA,NA,NA,NA,8236,-41
268.60,-1.003906,0.00,12419.00,NA,-4.00,442.00,0.00,0.000,0.00,0.00,0,0.00,40.82368333,-73.98528833,14,6,23,33,12.20,78005,NA,NA,NA,NA,NA,NA,NA,NA,NA,NA,NA,NA,NA,8236,-41
269.00,-1.003906,0.00,12419.00,NA,-4.00,442.00,0.00,0.000,0.00,0.00,0,0.00,40.82368333,-73.98528833,15,6,23,33,12.60,78045,NA,NA,NA,NA,NA,NA,NA,NA,NA,NA,NA,NA,NA,8236,-41
269.20,-0.988281,0.00,12419.00,NA,-4.00,442.00,0.00,0.000,0.00,0.00,0,0.00,40.82368333,-73.98528833,15,6,23,33,12.80,78065,NA,NA,NA,NA,NA,NA,NA,NA,NA,NA,NA,NA,NA,8236,-41
269.40,-0.988281,0.00,12419.00,NA,-4.00,442.00,0.00,0.000,0.00,0.00,0,0.00,40.82368333,-73.98528833,15,6,23,33,13.00,78085,NA,NA,NA,NA,NA,NA,NA,NA,NA,NA,NA,NA,NA,8237,-41
269.60,-1.003906,0.00,12419.00,NA,-4.00,442.00,0.00,0.000,0.00,0.00,0,0.00,40.82368333,-73.98528833,15,6,23,33,13.20,78105,NA,NA,NA,NA,NA,NA,NA,NA,NA,NA,NA,NA,NA,8237,-41
270.00,-0.988281,0.00,12419.00,NA,-4.00,442.00,0.00,0.000,0.00,0.00,0,0.00,40.82368333,-73.98528833,12,6,23,33,13.60,78145,NA,NA,NA,NA,NA,NA,NA,NA,NA,NA,NA,NA,NA,8237,-41
270.20,-1.019531,0.00,12419.00,NA,-4.00,442.00,0.00,0.000,0.00,0.00,0,0.00,40.82368333,-73.98528833,14,6,23,33,13.80,78165,NA,NA,NA,NA,NA,NA,NA,NA,NA,NA,NA,NA,NA,8237,-41
270.40,-0.972656,0.00,12419.00,NA,-4.00,442.00,0.00,0.000,0.00,0.00,0,0.00,40.82368333,-73.98528833,12,6,23,33,14.00,78185,NA,NA,NA,NA,NA,NA,NA,NA,NA,NA,NA,NA,NA,8237,-41
270.60,-1.003906,0.00,12419.00,NA,-4.00,442.00,0.00,0.000,0.00,0.00,0,0.00,40.82368333,-73.98528833,12,6,23,33,14.20,78205,NA,NA,NA,NA,NA,NA,NA,NA,NA,NA,NA,NA,NA,8237,-41
271.00,-1.003906,0.00,12419.00,NA,-4.00,442.00,0.00,0.000,0.00,0.00,0,0.00,40.82368333,-73.98528833,12,6,23,33,14.60,78245,NA,NA,NA,NA,NA,NA,NA,NA,NA,NA,NA,NA,NA,8237,-41
271.20,-1.035156,0.00,12419.00,NA,-4.00,442.00,0.00,0.000,0.00,0.00,0,0.00,40.82368333,-73.98528833,12,6,23,33,14.80,78265,NA,NA,NA,NA,NA,NA,NA,NA,NA,NA,NA,NA,NA,8237,-41
271.40,-1.019531,0.00,12419.00,NA,-4.00,442.00,0.00,0.000,0.00,0.00,0,0.00,40.82368333,-73.98528833,12,6,23,33,15.00,78285,NA,NA,NA,NA,NA,NA,NA,NA,NA,NA,NA,NA,NA,8237,-41
271.60,-1.003906,0.00,12419.00,NA,-4.00,442.00,0.00,0.000,0.00,0.00,0,0.00,40.82368333,-73.98528833,12,6,23,33,15.20,78305,NA,NA,NA,NA,NA,NA,NA,NA,NA,NA,NA,NA,NA,8237,-41
272.00,-0.972656,0.00,12419.00,NA,-4.00,442.00,0.00,0.000,0.00,0.00,0,0.00,40.82368333,-73.98528833,12,6,23,33,15.60,78345,NA,NA,NA,NA,NA,NA,NA,NA,NA,NA,NA,NA,NA,8237,-41
272.20,-1.003906,0.00,12419.00,NA,-4.00,442.00,0.00,0.000,0.00,0.00,0,0.00,40.82368333,-73.98528833,11,6,23,33,15.80,78365,NA,NA,NA,NA,NA,NA,NA,NA,NA,NA,NA,NA,NA,8237,-41
272.40,-1.019531,0.00,12419.00,NA,-4.00,442.00,0.00,0.000,0.00,0.00,0,0.00,40.82368333,-73.98528833,11,6,23,33,16.00,78385,NA,NA,NA,NA,NA,NA,NA,NA,NA,NA,NA,NA,NA,8237,-41
272.60,-1.003906,0.00,12419.00,NA,-4.00,442.00,0.00,0.000,0.00,0.00,0,0.00,40.82368333,-73.98528833,11,6,23,33,16.20,78405,NA,NA,NA,NA,NA,NA,NA,NA,NA,NA,NA,NA,NA,8237,-41
273.00,-0.988281,0.00,12419.00,NA,-4.00,442.00,0.00,0.000,0.00,0.00,0,0.00,40.82368333,-73.98528833,11,6,23,33,16.60,78445,NA,NA,NA,NA,NA,NA,NA,NA,NA,NA,NA,NA,NA,8237,-41
273.20,-0.988281,0.00,12419.00,NA,-4.00,442.00,0.00,0.000,0.00,0.00,0,0.00,40.82368333,-73.98528833,11,6,23,33,16.80,78465,NA,NA,NA,NA,NA,NA,NA,NA,NA,NA,NA,NA,NA,8237,-41
273.40,-0.988281,0.00,12419.00,NA,-4.00,442.00,0.00,0.000,0.00,0.00,0,0.00,40.82368333,-73.98528833,11,6,23,33,17.00,78485,NA,NA,NA,NA,NA,NA,NA,NA,NA,NA,NA,NA,NA,8237,-41
273.60,-0.988281,0.00,12419.00,NA,-4.00,442.00,0.00,0.000,0.00,0.00,0,0.00,40.82368333,-73.98528833,12,6,23,33,17.20,78505,NA,NA,NA,NA,NA,NA,NA,NA,NA,NA,NA,NA,NA,8237,-41
274.00,-0.988281,0.00,12419.00,NA,-4.00,442.00,0.00,0.000,0.00,0.00,0,0.00,40.82368333,-73.98528833,12,6,23,33,17.60,78545,NA,NA,NA,NA,NA,NA,NA,NA,NA,NA,NA,NA,NA,8237,-41
274.20,-1.019531,0.00,12419.00,NA,-4.00,442.00,0.00,0.000,0.00,0.00,0,0.00,40.82368333,-73.98528833,12,6,23,33,17.80,78565,NA,NA,NA,NA,NA,NA,NA,NA,NA,NA,NA,NA,NA,8237,-41
274.40,-0.988281,0.00,12419.00,NA,-4.00,442.00,0.00,0.000,0.00,0.00,0,0.00,40.82368333,-73.98528833,12,6,23,33,18.00,78585,NA,NA,NA,NA,NA,NA,NA,NA,NA,NA,NA,NA,NA,8237,-41
274.60,-1.019531,0.00,12419.00,NA,-4.00,442.00,0.00,0.000,0.00,0.00,0,0.00,40.82368333,-73.98528833,13,6,23,33,18.20,78605,NA,NA,NA,NA,NA,NA,NA,NA,NA,NA,NA,NA,NA,8237,-41
275.00,-1.019531,0.00,12419.00,NA,-4.00,442.00,0.00,0.000,0.00,0.00,0,0.00,40.82368333,-73.98528833,13,6,23,33,18.60,78645,NA,NA,NA,NA,NA,NA,NA,NA,NA,NA,NA,NA,NA,8237,-41
275.20,-1.019531,0.00,12419.00,NA,-4.00,442.00,0.00,0.000,0.00,0.00,0,0.00,40.82368333,-73.98528833,13,6,23,33,18.80,78665,NA,NA,NA,NA,NA,NA,NA,NA,NA,NA,NA,NA,NA,8237,-41
275.40,-1.019531,0.00,12419.00,NA,-4.00,442.00,0.00,0.000,0.00,0.00,0,0.00,40.82368333,-73.98528833,13,6,23,33,19.00,78685,NA,NA,NA,NA,NA,NA,NA,NA,NA,NA,NA,NA,NA,8237,-41
275.60,-1.019531,0.00,12419.00,NA,-4.00,442.00,0.00,0.000,0.00,0.00,0,0.00,40.82368333,-73.98528833,13,6,23,33,19.20,78705,NA,NA,NA,NA,NA,NA,NA,NA,NA,NA,NA,NA,NA,8237,-41
276.20,-1.019531,0.00,12419.00,NA,-4.00,442.00,0.00,0.000,0.00,0.00,0,0.00,40.82368333,-73.98528833,13,6,23,33,19.80,78765,NA,NA,NA,NA,NA,NA,NA,NA,NA,NA,NA,NA,NA,8237,-41
276.40,-1.003906,0.00,12419.00,NA,-4.00,442.00,0.00,0.000,0.00,0.00,0,0.00,40.82368333,-73.98528833,13,6,23,33,20.00,78785,NA,NA,NA,NA,NA,NA,NA,NA,NA,NA,NA,NA,NA,8237,-41
276.55,-0.988281,0.00,12419.00,NA,-4.00,442.00,0.00,0.000,0.00,0.00,0,0.00,40.82368333,-73.98528833,13,6,23,33,20.20,78800,NA,NA,NA,NA,NA,NA,NA,NA,NA,NA,NA,NA,NA,8237,-41
